Cape Girardeau,Missouri,46516
Bucks,Pennsylvania,76555
Matagorda,Texas,43096
Jessamine,Kentucky,49024
Fall River,South Dakota,37667
Suffolk City,Virginia,66085
Kanabec,Minnesota,47068
Conway,Arkansas,35225
Autauga,Alabama,53682
Creek,Oklahoma,43026
Covington City,Virginia,34319
Tillman,Oklahoma,36354
Tioga,New York,55726
Tioga,Pennsylvania,44187
Hamblen,Tennessee,39596
Oktibbeha,Mississippi,30987
Yancey,North Carolina,38579
Rockwall,Texas,86119
Bland,Virginia,42139
Parke,Indiana,43870
Noxubee,Mississippi,24338
Milam,Texas,37391
Coos,New Hampshire,41985
Coos,Oregon,37940
Jefferson Davis,Louisiana,41622
Jefferson Davis,Mississippi,27186
Chisago,Minnesota,67157
Montezuma,Colorado,43188
Prentiss,Mississippi,32503
St. John the Baptist,Louisiana,50635
Green Lake,Wisconsin,46994
Colbert,Alabama,39077
Saline,Arkansas,55348
Saline,Illinois,37800
Saline,Kansas,47215
Saline,Missouri,39519
Saline,Nebraska,44109
St. Louis County,Minnesota,46517
St. Louis County,Missouri,58910
Braxton,West Virginia,31848
Black Hawk,Iowa,45747
Chester,Pennsylvania,86050
Chester,South Carolina,33103
Chester,Tennessee,41875
LaPorte,Indiana,47538
Williamsburg,South Carolina,25849
Sullivan,Indiana,43510
Sullivan,Missouri,36676
Sullivan,New Hampshire,54463
Sullivan,New York,48089
Sullivan,Pennsylvania,40964
Sullivan,Tennessee,39479
Sharp,Arkansas,30861
Luna,New Mexico,29282
Weber,Utah,54974
Idaho County,Idaho,37349
Hawaii County,Hawaii,51250
Caddo,Louisiana,41053
Caddo,Oklahoma,39267
Salem,New Jersey,59718
Stoddard,Missouri,37965
Berkshire,Massachusetts,48450
Burt,Nebraska,46817
Oneida,Idaho,40842
Oneida,New York,48729
Oneida,Wisconsin,45759
Tangipahoa,Louisiana,40654
Maverick,Texas,31395
Cole,Missouri,53931
St. Joseph,Indiana,44582
St. Joseph,Michigan,44051
Garland,Arkansas,39162
Chouteau,Montana,40070
Shannon,Missouri,31132
Carter,Kentucky,36406
Carter,Missouri,30962
Carter,Montana,39659
Carter,Oklahoma,41401
Carter,Tennessee,31842
Andrews,Texas,57825
Baldwin,Alabama,50221
Baldwin,Georgia,32751
Poweshiek,Iowa,50349
Washington County,Alabama,42156
Washington County,Arkansas,41248
Washington County,Colorado,44683
Washington County,Florida,38501
Washington County,Georgia,33652
Washington County,Idaho,37453
Washington County,Illinois,52832
Washington County,Indiana,41986
Washington County,Iowa,54554
Washington County,Kansas,42515
Washington County,Kentucky,40845
Washington County,Maine,37236
Washington County,Maryland,55609
Washington County,Minnesota,81540
Washington County,Mississippi,28093
Washington County,Missouri,34702
Washington County,Nebraska,65409
Washington County,New York,52361
Washington County,North Carolina,34936
Washington County,Ohio,42834
Washington County,Oklahoma,48687
Washington County,Oregon,64180
Washington County,Pennsylvania,53693
Washington County,Rhode Island,72138
Washington County,Tennessee,42075
Washington County,Texas,44858
Washington County,Utah,49279
Washington County,Vermont,57281
Washington County,Virginia,41897
Washington County,Wisconsin,66159
Tooele,Utah,61412
Anne Arundel,Maryland,87430
Neshoba,Mississippi,37050
Buena Vista,Iowa,46951
Beauregard,Louisiana,46385
McCreary,Kentucky,20972
Summit,Colorado,63697
Summit,Ohio,49669
Summit,Utah,83336
Dickenson,Virginia,33318
Hennepin,Minnesota,64403
Jack,Texas,49038
Highlands,Florida,35560
Brazoria,Texas,67603
Richland,Illinois,44070
Richland,Louisiana,36835
Richland,Montana,58112
Richland,North Dakota,53759
Richland,Ohio,41835
Richland,South Carolina,48359
Richland,Wisconsin,45271
Burleigh,North Dakota,61811
Sevier,Arkansas,35153
Sevier,Tennessee,43649
Sevier,Utah,46229
Rolette,North Dakota,31336
Ascension,Louisiana,69070
Prowers,Colorado,34391
Haskell,Kansas,52415
Haskell,Oklahoma,35334
Haskell,Texas,36857
Baltimore City,Maryland,41385
Cambria,Pennsylvania,41730
Cass,Illinois,45734
Cass,Indiana,41940
Cass,Iowa,43481
Cass,Michigan,44346
Cass,Minnesota,45045
Cass,Missouri,60350
Cass,Nebraska,64697
Cass,North Dakota,52590
Cass,Texas,35598
Leelanau,Michigan,55018
Door,Wisconsin,50438
Levy,Florida,34348
Sac,Iowa,48093
Hodgeman,Kansas,52375
Chilton,Alabama,41250
Miami-Dade,Florida,43100
Union,Arkansas,37435
Union,Florida,42660
Union,Georgia,40009
Union,Illinois,41848
Union,Indiana,44161
Union,Iowa,44838
Union,Kentucky,39125
Union,Louisiana,35828
Union,Mississippi,38373
Union,New Jersey,68507
Union,New Mexico,38902
Union,North Carolina,65892
Union,Ohio,65086
Union,Oregon,42542
Union,Pennsylvania,48528
Union,South Carolina,32556
Union,South Dakota,63468
Union,Tennessee,34399
Upton,Texas,51750
Richmond,Georgia,37749
Richmond,New York,72569
Richmond,North Carolina,32384
Highland,Ohio,39091
Minidoka,Idaho,43266
Harney,Oregon,38113
Lac qui Parle,Minnesota,48468
Bibb,Alabama,36447
Bibb,Georgia,37550
Catahoula,Louisiana,36165
Lexington,South Carolina,54061
Bedford City,Virginia,35593
Indian River,Florida,44772
Orangeburg,South Carolina,34110
Irwin,Georgia,40771
Granville,North Carolina,49852
Hendricks,Indiana,68297
Niagara,New York,47955
Yell,Arkansas,35535
Montcalm,Michigan,40451
Rappahannock,Virginia,56438
Scotts Bluff,Nebraska,43444
Morehouse,Louisiana,28585
Huntington,Indiana,46148
Spokane,Washington,49233
Fleming,Kentucky,32495
Eureka,Nevada,64632
Issaquena,Mississippi,24767
Coleman,Texas,31373
Pueblo,Colorado,41777
Tunica,Mississippi,31446
Kings,California,48133
Kings,New York,46085
Franklin City,Virginia,31928
Ward,North Dakota,56580
Ward,Texas,42568
Sweet Grass,Montana,45938
Dickens,Texas,38401
Bleckley,Georgia,36073
Wilkin,Minnesota,50507
Crosby,Texas,38187
Hudspeth,Texas,22545
Bear Lake,Idaho,44964
Sutton,Texas,53806
Johnston,North Carolina,49711
Johnston,Oklahoma,36192
Reynolds,Missouri,34496
Iowa County,Iowa,58008
Iowa County,Wisconsin,55659
Wheeler,Georgia,24382
Wheeler,Nebraska,38807
Wheeler,Oregon,37974
Wheeler,Texas,51766
Dent,Missouri,36311
Musselshell,Montana,43409
Tattnall,Georgia,37587
Chelan,Washington,51354
Clark,Arkansas,32721
Clark,Idaho,33200
Clark,Illinois,47405
Clark,Indiana,50496
Clark,Kansas,41129
Clark,Kentucky,45853
Clark,Missouri,40204
Clark,Nevada,52873
Clark,Ohio,43136
Clark,South Dakota,49055
Clark,Washington,58225
Clark,Wisconsin,43276
Noble,Indiana,47117
Noble,Ohio,38290
Noble,Oklahoma,44842
Merced,California,42591
Evangeline,Louisiana,31832
Nuckolls,Nebraska,37594
Clinton,Illinois,61720
Clinton,Indiana,48953
Clinton,Iowa,49559
Clinton,Kentucky,27100
Clinton,Michigan,60466
Clinton,Missouri,53826
Clinton,New York,50282
Clinton,Ohio,46048
Clinton,Pennsylvania,42184
Indiana,State,48248
West Carroll,Louisiana,33848
Portsmouth City,Virginia,46166
Parker,Texas,64515
Androscoggin,Maine,44921
Ben Hill,Georgia,28547
Glasscock,Texas,69107
Vermilion,Illinois,41400
Vermilion,Indiana,42524
Vermilion,Louisiana,44665
Rice,Kansas,45336
Rice,Minnesota,59915
Bonneville,Idaho,50872
Silver Bow,Montana,38659
Runnels,Texas,37667
Essex,Massachusetts,67311
Essex,New Jersey,55095
Essex,New York,47380
Essex,Vermont,35916
Essex,Virginia,44885
Scotland,Missouri,39028
Scotland,North Carolina,29592
Chattahoochee,Georgia,48758
Story,Iowa,50516
Karnes,Texas,42862
Casey,Kentucky,29934
Riley,Kansas,43962
Kershaw,South Carolina,43765
Bannock,Idaho,43534
Florida,State,46956
Tyrrell,North Carolina,34216
Gray,Kansas,57808
Gray,Texas,43504
Chemung,New York,48804
Otter Tail,Minnesota,48961
St. Lawrence,New York,43647
Edmunds,South Dakota,49831
Ottawa,Kansas,58396
Ottawa,Michigan,56453
Ottawa,Ohio,53202
Ottawa,Oklahoma,36473
Hot Springs,Wyoming,42019
Itawamba,Mississippi,36073
Habersham,Georgia,39306
Davis,Iowa,45040
Davis,Utah,69707
Crow Wing,Minnesota,47058
Nicholas,Kentucky,43081
Nicholas,West Virginia,40064
Coffee,Alabama,43768
Coffee,Georgia,35693
Coffee,Tennessee,37618
Haakon,South Dakota,47198
Delaware,State,59878
Yankton,South Dakota,52578
New Castle,Delaware,64537
Cascade,Montana,44963
McMinn,Tennessee,39410
Pearl River,Mississippi,42510
Stone,Arkansas,29832
Stone,Mississippi,42963
Stone,Missouri,40850
Oconee,Georgia,75004
Oconee,South Carolina,41394
Clermont,Ohio,60365
Bartow,Georgia,47197
Prince William,Virginia,98071
Clallam,Washington,46033
Hood,Texas,55754
Ware,Georgia,34572
Traverse,Minnesota,45714
Faulk,South Dakota,41453
Sauk,Wisconsin,52140
Grundy,Illinois,64541
Grundy,Iowa,56827
Grundy,Missouri,37964
Grundy,Tennessee,26814
Ector,Texas,51466
Stevens,Kansas,54494
Stevens,Minnesota,54206
Stevens,Washington,41742
Umatilla,Oregon,48389
Roanoke City,Virginia,38145
Garfield,Colorado,57022
Garfield,Montana,45096
Garfield,Nebraska,41892
Garfield,Oklahoma,44530
Garfield,Utah,45357
Garfield,Washington,51548
Greene,Alabama,24226
Greene,Arkansas,38413
Greene,Georgia,42565
Greene,Illinois,43502
Greene,Indiana,43980
Greene,Iowa,45865
Greene,Mississippi,36888
Greene,Missouri,40337
Greene,New York,49655
Greene,North Carolina,40853
Greene,Ohio,58080
Greene,Pennsylvania,44388
Greene,Tennessee,35545
Greene,Virginia,59358
Fond du Lac,Wisconsin,53820
Caswell,North Carolina,35315
Coles,Illinois,37040
Rhode Island,State,56361
Wichita,Kansas,53018
Wichita,Texas,42971
Nash,North Carolina,43084
St. Francis,Arkansas,30873
Maui,Hawaii,63512
Titus,Texas,42939
Burnett,Wisconsin,39564
Harding,New Mexico,34063
Harding,South Dakota,44353
Lauderdale,Alabama,42844
Lauderdale,Mississippi,36203
Lauderdale,Tennessee,32326
Tuscaloosa,Alabama,45408
Meigs,Ohio,35469
Meigs,Tennessee,35150
Van Zandt,Texas,43439
Ogemaw,Michigan,34619
Palo Pinto,Texas,41670
Bulloch,Georgia,35840
Sierra,California,39009
Sierra,New Mexico,27430
Benewah,Idaho,39049
Champaign,Illinois,45808
Champaign,Ohio,49157
Tucker,West Virginia,37635
Lampasas,Texas,49277
Tallapoosa,Alabama,39130
Holmes,Florida,35511
Holmes,Mississippi,22325
Holmes,Ohio,45477
Chickasaw,Iowa,43971
Chickasaw,Mississippi,31061
Defiance,Ohio,47593
Franklin,Alabama,36415
Franklin,Arkansas,36766
Franklin,Florida,38328
Franklin,Georgia,34830
Franklin,Idaho,44962
Franklin,Illinois,36273
Franklin,Indiana,49516
Franklin,Iowa,48355
Franklin,Kansas,49543
Franklin,Kentucky,46071
Franklin,Louisiana,31214
Franklin,Maine,41626
Franklin,Massachusetts,53663
Franklin,Mississippi,32372
Franklin,Missouri,48857
Franklin,Nebraska,43011
Franklin,New York,45667
Franklin,North Carolina,41696
Franklin,Ohio,50877
Franklin,Pennsylvania,52637
Franklin,Tennessee,42904
Franklin,Texas,45523
Franklin,Vermont,56240
Franklin,Washington,55177
Attala,Mississippi,31641
Costilla,Colorado,29145
Marquette,Michigan,45622
Marquette,Wisconsin,46077
Ransom,North Dakota,49788
Goliad,Texas,50923
Edgefield,South Carolina,43861
Connecticut,State,69461
Yakima,Washington,43506
Pulaski,Arkansas,46013
Pulaski,Georgia,41550
Pulaski,Illinois,33717
Pulaski,Indiana,44764
Pulaski,Kentucky,34092
Pulaski,Missouri,49820
Pulaski,Virginia,44312
Fauquier,Virginia,88409
Harper,Kansas,38313
Harper,Oklahoma,46117
Pembina,North Dakota,49846
Dimmit,Texas,36681
Kanawha,West Virginia,46085
Fentress,Tennessee,29192
Irion,Texas,50357
Nez Perce,Idaho,46503
Rich,Utah,50000
Craven,North Carolina,47141
Koochiching,Minnesota,41108
Oconto,Wisconsin,51615
Doniphan,Kansas,46512
St. Mary's,Maryland,85672
Donley,Texas,42411
Glacier,Montana,33519
Hickory,Missouri,29325
Edmonson,Kentucky,37646
Waller,Texas,50097
Crittenden,Arkansas,37751
Crittenden,Kentucky,34261
Pottawattamie,Iowa,51304
Queens,New York,57001
Sanders,Montana,32881
Meagher,Montana,38182
Treutlen,Georgia,37894
Ray,Missouri,52698
Porter,Indiana,62794
Mason,Illinois,42260
Mason,Kentucky,41137
Mason,Michigan,41136
Mason,Texas,46865
Mason,Washington,48755
Mason,West Virginia,38411
LaGrange,Indiana,47617
Kingfisher,Oklahoma,54666
Alcorn,Mississippi,33600
Ellsworth,Kansas,45865
Transylvania,North Carolina,41781
Owsley,Kentucky,19986
Mercer,Illinois,53136
Mercer,Kentucky,45396
Mercer,Missouri,40272
Mercer,New Jersey,73480
Mercer,North Dakota,66534
Mercer,Ohio,52535
Mercer,Pennsylvania,44301
Mercer,West Virginia,34842
Ashtabula,Ohio,40516
Storey,Nevada,61573
Norfolk,Massachusetts,84916
Campbell,Kentucky,54306
Campbell,South Dakota,35729
Campbell,Tennessee,31943
Campbell,Virginia,47162
Campbell,Wyoming,79488
Garden,Nebraska,39400
Evans,Georgia,36788
Kalawao,Hawaii,59375
Pinellas,Florida,45535
Contra Costa,California,78756
Colfax,Nebraska,51765
Colfax,New Mexico,37734
Sanpete,Utah,48369
Obion,Tennessee,39467
Adams,Colorado,56270
Adams,Idaho,35434
Adams,Illinois,45073
Adams,Indiana,46695
Adams,Iowa,45871
Adams,Mississippi,27381
Adams,Nebraska,49440
Adams,North Dakota,47798
Adams,Ohio,35678
Adams,Pennsylvania,59492
Adams,Washington,43926
Adams,Wisconsin,44897
Sterling,Texas,50543
Tulare,California,42708
Beckham,Oklahoma,48989
Bell,Kentucky,26228
Bell,Texas,50060
Sebastian,Arkansas,40471
San Luis Obispo,California,58697
Rockbridge,Virginia,48313
Nance,Nebraska,44286
Alexandria City,Virginia,85706
Esmeralda,Nevada,30284
Buena Vista City,Virginia,36591
Columbiana,Ohio,42300
Wilcox,Alabama,23642
Wilcox,Georgia,32928
Rosebud,Montana,48789
Scioto,Ohio,35379
Manassas City,Virginia,71036
Oglethorpe,Georgia,45729
Kemper,Mississippi,29003
El Paso,Colorado,57125
El Paso,Texas,40157
Conecuh,Alabama,24658
Gunnison,Colorado,52332
Covington,Alabama,35869
Covington,Mississippi,33381
Alfalfa,Oklahoma,44811
Sutter,California,50408
Chaves,New Mexico,39131
Live Oak,Texas,42829
Kiowa,Colorado,40813
Kiowa,Kansas,44650
Kiowa,Oklahoma,36281
Van Wert,Ohio,45355
Camden,Georgia,51990
Camden,Missouri,43458
Camden,New Jersey,61683
Camden,North Carolina,56607
Winkler,Texas,48992
La Plata,Colorado,58080
Kay,Oklahoma,41012
Swift,Minnesota,48026
Pender,North Carolina,44524
Fluvanna,Virginia,68288
Taney,Missouri,38461
Mecklenburg,North Carolina,55444
Mecklenburg,Virginia,36261
Carlton,Minnesota,53016
Newport,Rhode Island,71713
Elmore,Alabama,54766
Elmore,Idaho,42842
Tuscola,Michigan,43039
Arenac,Michigan,38874
Hoonah-Angoon Census Area,Alaska,49545
Citrus,Florida,39100
Crisp,Georgia,35240
Boundary,Idaho,37003
Iberville,Louisiana,45368
Buckingham,Virginia,38648
Crowley,Colorado,31477
Cumberland,Illinois,43958
Cumberland,Kentucky,31593
Cumberland,Maine,57461
Cumberland,New Jersey,50750
Cumberland,North Carolina,45231
Cumberland,Pennsylvania,60826
Cumberland,Tennessee,37188
Cumberland,Virginia,40557
George,Mississippi,43958
Multnomah,Oregon,52511
Calhoun,Alabama,39962
Calhoun,Arkansas,30980
Calhoun,Florida,32780
Calhoun,Georgia,26986
Calhoun,Illinois,50436
Calhoun,Iowa,44484
Calhoun,Michigan,42110
Calhoun,Mississippi,30000
Calhoun,South Carolina,40704
Calhoun,Texas,47027
Calhoun,West Virginia,31679
Holt,Missouri,42979
Holt,Nebraska,44427
Wicomico,Maryland,51092
Pima,Arizona,45841
Davidson,North Carolina,43083
Davidson,Tennessee,47335
Day,South Dakota,39761
Hooker,Nebraska,39327
Lehigh,Pennsylvania,54923
Shelby,Alabama,68770
Shelby,Illinois,47188
Shelby,Indiana,51440
Shelby,Iowa,48783
Shelby,Kentucky,57298
Shelby,Missouri,35938
Shelby,Ohio,50427
Shelby,Tennessee,46250
Shelby,Texas,37081
Wabaunsee,Kansas,54694
Payne,Oklahoma,36812
Macoupin,Illinois,49590
Brazos,Texas,38310
Waynesboro City,Virginia,44847
Pennsylvania,State,52548
Coconino,Arizona,49555
Atlantic,New Jersey,54235
Butts,Georgia,49754
Jo Daviess,Illinois,50817
Leavenworth,Kansas,63435
Hettinger,North Dakota,47743
Aiken,South Carolina,44509
West Feliciana,Louisiana,61616
Washtenaw,Michigan,59055
Langlade,Wisconsin,42389
Atkinson,Georgia,30049
Monterey,California,59168
Genesee,Michigan,42089
Genesee,New York,49922
Cuming,Nebraska,47500
King,Texas,65000
King,Washington,71811
Liberty,Florida,39681
Liberty,Georgia,43832
Liberty,Montana,44493
Liberty,Texas,47228
Santa Fe,New Mexico,52917
Lake of the Woods,Minnesota,44069
Colleton,South Carolina,33233
Sublette,Wyoming,77900
Muscatine,Iowa,51425
Ballard,Kentucky,44588
Sandusky,Ohio,46140
Custer,Colorado,32427
Custer,Idaho,39541
Custer,Montana,43524
Custer,Nebraska,44873
Custer,Oklahoma,44972
Custer,South Dakota,50074
Dewey,Oklahoma,46488
Dewey,South Dakota,30710
Meeker,Minnesota,53904
Wadena,Minnesota,36928
Price,Wisconsin,42644
Burlington,New Jersey,78446
Pinal,Arizona,50027
Smyth,Virginia,37239
Real,Texas,33885
Oklahoma,State,45339
St. Tammany,Louisiana,60799
Nueces,Texas,47057
New York,State,58003
Abbeville,South Carolina,35947
Galveston,Texas,61877
Harmon,Oklahoma,26688
Allegany,Maryland,39293
Allegany,New York,42445
Cape May,New Jersey,56494
Chariton,Missouri,39385
Wasatch,Utah,65050
Baylor,Texas,33445
Latimer,Oklahoma,40970
Pontotoc,Mississippi,39899
Pontotoc,Oklahoma,41881
New Madrid,Missouri,35793
Elbert,Colorado,82118
Elbert,Georgia,35817
Goochland,Virginia,80976
Rowan,Kentucky,35236
Rowan,North Carolina,41495
West Baton Rouge,Louisiana,50926
Flagler,Florida,47233
Cecil,Maryland,66689
Deuel,Nebraska,44922
Deuel,South Dakota,51632
Gonzales,Texas,39248
Rawlins,Kansas,43482
Iroquois,Illinois,47079
Goshen,Wyoming,43257
Renville,Minnesota,50802
Renville,North Dakota,60847
Wapello,Iowa,41425
Pamlico,North Carolina,43853
McIntosh,Georgia,39068
McIntosh,North Dakota,36066
McIntosh,Oklahoma,36096
Tama,Iowa,51670
Medina,Ohio,65951
Medina,Texas,55326
Yellowstone,Montana,51342
Hidalgo,New Mexico,34080
Hidalgo,Texas,34146
Florence,South Carolina,41910
Florence,Wisconsin,47960
Petersburg City,Virginia,34424
Childress,Texas,47532
Wilbarger,Texas,41658
Bristol Bay,Alaska,79531
Bonner,Idaho,41414
Otero,Colorado,33848
Otero,New Mexico,39263
Haywood,North Carolina,41557
Haywood,Tennessee,34542
Sarasota,Florida,49052
Okeechobee,Florida,34570
Yukon-Koyukuk Census Area,Alaska,34710
Maricopa,Arizona,53596
Glades,Florida,34694
Napa,California,70443
Wolfe,Kentucky,22574
Muskegon,Michigan,40979
Rusk,Texas,45752
Rusk,Wisconsin,38658
Cloud,Kansas,38534
Bergen,New Jersey,83794
McHenry,Illinois,76145
McHenry,North Dakota,45343
Ravalli,Montana,38688
Nobles,Minnesota,48208
Dubuque,Iowa,51475
Plaquemines,Louisiana,55138
Jones,Georgia,51497
Jones,Iowa,55041
Jones,Mississippi,38074
Jones,North Carolina,36213
Jones,South Dakota,44808
Jones,Texas,41297
Brantley,Georgia,36070
Susquehanna,Pennsylvania,48231
Manatee,Florida,47876
Yadkin,North Carolina,40371
Coweta,Georgia,60813
Pasquotank,North Carolina,46053
Nelson,Kentucky,43833
Nelson,North Dakota,49839
Nelson,Virginia,48789
Cobb,Georgia,63920
Screven,Georgia,34848
Le Flore,Oklahoma,36542
Norton City,Virginia,39416
Brooke,West Virginia,42493
Harlan,Kentucky,25906
Harlan,Nebraska,45920
Terrell,Georgia,32628
Terrell,Texas,39479
Brule,South Dakota,45284
Fairfax City,Virginia,97242
Clatsop,Oregon,44683
Hempstead,Arkansas,32056
Lackawanna,Pennsylvania,46044
Skagit,Washington,55925
Webb,Texas,39449
Northwest Arctic,Alaska,61607
Broadwater,Montana,45932
Tippecanoe,Indiana,44246
Rock Island,Illinois,48702
Red Lake,Minnesota,47569
Loudon,Tennessee,51074
Brevard,Florida,48039
Burke,Georgia,31494
Burke,North Carolina,37263
Burke,North Dakota,53693
Cuyahoga,Ohio,43804
Ohio,State,48308
Loving,Texas,68750
Stanley,South Dakota,54620
New Jersey,State,71629
Alamance,North Carolina,43043
Bamberg,South Carolina,31483
Kodiak Island,Alaska,68718
Amite,Mississippi,30750
Gladwin,Michigan,37626
Bedford,Pennsylvania,43290
Bedford,Tennessee,40759
Jim Hogg,Texas,36121
Blaine,Idaho,64042
Blaine,Montana,37151
Blaine,Nebraska,42917
Blaine,Oklahoma,44206
Shiawassee,Michigan,46217
Avery,North Carolina,36969
Coosa,Alabama,37277
Arapahoe,Colorado,60651
Pipestone,Minnesota,46019
Woodward,Oklahoma,51867
Bullock,Alabama,32033
Midland,Michigan,53076
Midland,Texas,62993
Logan,Arkansas,34996
Logan,Colorado,40415
Logan,Illinois,47133
Logan,Kansas,41765
Logan,Kentucky,36590
Logan,Nebraska,44417
Logan,North Dakota,49076
Logan,Ohio,47542
Logan,Oklahoma,53591
Logan,West Virginia,36999
Flathead,Montana,46581
Grafton,New Hampshire,54912
Wright,Iowa,45205
Wright,Minnesota,71598
Wright,Missouri,28645
Uvalde,Texas,34902
Amherst,Virginia,44945
Carlisle,Kentucky,39049
Aleutians West Census Area,Alaska,81853
Converse,Wyoming,63918
Hot Spring,Arkansas,41193
Crockett,Tennessee,36066
Crockett,Texas,50475
Boone,Arkansas,38506
Boone,Illinois,60893
Boone,Indiana,67255
Boone,Iowa,51826
Boone,Kentucky,67225
Boone,Missouri,48627
Boone,Nebraska,45246
Boone,West Virginia,42156
Macomb,Michigan,53451
Los Angeles,California,55909
Cache,Utah,49506
McDuffie,Georgia,37487
Nevada,State,52800
White Pine,Nevada,48586
Harrisonburg City,Virginia,38048
Pickett,Tennessee,35184
Menifee,Kentucky,29108
Pasco,Florida,43888
Frontier,Nebraska,50227
Washakie,Wyoming,47104
Bristol,Massachusetts,55298
Bristol,Rhode Island,71238
Pleasants,West Virginia,41859
Rio Grande,Colorado,38993
Carteret,North Carolina,46534
Roane,Tennessee,42223
Roane,West Virginia,28513
Currituck,North Carolina,57159
Fairbanks North Star,Alaska,69223
Haralson,Georgia,39993
Banner,Nebraska,36875
Cottonwood,Minnesota,45294
Fairfax County,Virginia,1.1029e+05
Toombs,Georgia,31189
Humphreys,Mississippi,23600
Humphreys,Tennessee,42846
Cabell,West Virginia,38374
Cortland,New York,47151
Surry,North Carolina,35641
Surry,Virginia,47292
Jay,Indiana,40235
Gadsden,Florida,35380
Lebanon,Pennsylvania,54818
Bladen,North Carolina,30164
Hughes,Oklahoma,34619
Hughes,South Dakota,59338
Bond,Illinois,48163
Pittsburg,Oklahoma,41252
Worth,Georgia,35792
Worth,Iowa,50476
Worth,Missouri,39348
Belmont,Ohio,41534
Hunt,Texas,44858
Hockley,Texas,50565
United States,Country,53046
Dale,Alabama,44889
Hernando,Florida,41024
Park,Colorado,61570
Park,Montana,42426
Park,Wyoming,53951
Yakutat,Alaska,72500
Greenbrier,West Virginia,37895
Uintah,Utah,62067
Walsh,North Dakota,48592
Wyoming,State,57406
Granite,Montana,45236
Dane,Wisconsin,61721
Prairie,Arkansas,34855
Prairie,Montana,38036
Rio Arriba,New Mexico,40250
St. James,Louisiana,55443
DeWitt,Illinois,51051
DeWitt,Texas,46454
Manassas Park City,Virginia,71227
Reeves,Texas,40571
Arthur,Nebraska,40568
Eau Claire,Wisconsin,48090
Kenosha,Wisconsin,54930
Bartholomew,Indiana,54165
Spencer,Indiana,52991
Spencer,Kentucky,65209
Garvin,Oklahoma,38245
Oklahoma County,Oklahoma,45215
Franklin County,Virginia,45624
Conejos,Colorado,34526
Blue Earth,Minnesota,49935
Dyer,Tennessee,38953
Jackson,Alabama,37634
Jackson,Arkansas,30284
Jackson,Colorado,43606
Jackson,Florida,36809
Jackson,Georgia,53179
Jackson,Illinois,33479
Jackson,Indiana,46501
Jackson,Iowa,46467
Jackson,Kansas,54546
Jackson,Kentucky,26156
Jackson,Louisiana,37388
Jackson,Michigan,46615
Jackson,Minnesota,51681
Jackson,Mississippi,48943
Jackson,Missouri,47015
Jackson,North Carolina,36951
Jackson,Ohio,36356
Jackson,Oklahoma,42824
Jackson,Oregon,44005
Jackson,South Dakota,46224
Jackson,Tennessee,33386
Jackson,Texas,49528
Jackson,West Virginia,40376
Jackson,Wisconsin,44149
Calaveras,California,55295
Nebraska,State,51672
Monroe,Alabama,29203
Monroe,Arkansas,27263
Monroe,Florida,53607
Monroe,Georgia,48630
Monroe,Illinois,68482
Monroe,Indiana,40052
Monroe,Iowa,45997
Monroe,Kentucky,29808
Monroe,Michigan,53972
Monroe,Mississippi,36308
Monroe,Missouri,40657
Monroe,New York,52394
Monroe,Ohio,40573
Monroe,Pennsylvania,57408
Monroe,Tennessee,37595
Monroe,West Virginia,41234
Monroe,Wisconsin,49774
Coryell,Texas,49819
Frederick,Maryland,84570
Frederick,Virginia,68424
Daggett,Utah,46917
Clayton,Georgia,40606
Clayton,Iowa,47494
Williamsburg City,Virginia,48616
Manistee,Michigan,41551
Cottle,Texas,34639
Williams,North Dakota,76210
Williams,Ohio,43089
Huerfano,Colorado,33298
Oglala Lakota,South Dakota,25648
Allegan,Michigan,52061
Mesa,Colorado,49471
Boulder,Colorado,67956
Dare,North Carolina,55481
West Virginia,State,41043
Keweenaw,Michigan,39038
Chesterfield,South Carolina,31252
Chesterfield,Virginia,72088
Los Alamos,New Mexico,1.0669e+05
North Dakota,State,53741
Chautauqua,Kansas,39529
Chautauqua,New York,42429
Cooke,Texas,50067
Roger Mills,Oklahoma,53885
Rapides,Louisiana,40930
Vance,North Carolina,34987
Henrico,Virginia,61048
Erie,New York,50653
Erie,Ohio,46498
Erie,Pennsylvania,45202
Auglaize,Ohio,52239
Appanoose,Iowa,39208
Bronx,New York,34388
Mariposa,California,49820
Norfolk City,Virginia,44747
Candler,Georgia,35070
Ida,Iowa,43449
Emmons,North Dakota,38477
Lane,Kansas,53021
Lane,Oregon,42931
Monmouth,New Jersey,84526
Gilliam,Oregon,44743
Lynchburg City,Virginia,38138
Fergus,Montana,38344
Northampton,North Carolina,31433
Northampton,Pennsylvania,60097
Northampton,Virginia,33635
Spink,South Dakota,48911
Bossier,Louisiana,53248
Belknap,New Hampshire,58654
McCook,South Dakota,52703
Chase,Kansas,36815
Chase,Nebraska,45610
Warren,Georgia,27796
Warren,Illinois,43536
Warren,Indiana,52317
Warren,Iowa,62535
Warren,Kentucky,44135
Warren,Mississippi,41025
Warren,Missouri,50830
Warren,New Jersey,70912
Warren,New York,55904
Warren,North Carolina,34285
Warren,Ohio,72487
Warren,Pennsylvania,43764
Warren,Tennessee,34641
Warren,Virginia,61610
Shoshone,Idaho,38440
Kidder,North Dakota,50000
Nowata,Oklahoma,39430
Kansas,State,51332
Kenai Peninsula,Alaska,61793
Bottineau,North Dakota,51667
Freeborn,Minnesota,44683
Greenup,Kentucky,44060
South Carolina,State,44779
Rockcastle,Kentucky,30674
Claiborne,Louisiana,32996
Claiborne,Mississippi,23689
Claiborne,Tennessee,33229
Ste. Genevieve,Missouri,48433
Bosque,Texas,44742
Elkhart,Indiana,45693
Menominee,Michigan,41739
Menominee,Wisconsin,33333
Throckmorton,Texas,39286
Cleveland,Arkansas,39420
Cleveland,North Carolina,38989
Cleveland,Oklahoma,54989
Carbon,Montana,47831
Carbon,Pennsylvania,48900
Carbon,Utah,44724
Carbon,Wyoming,55347
Stanton,Kansas,46382
Stanton,Nebraska,51493
Charlottesville City,Virginia,44601
Butler,Alabama,29918
Butler,Iowa,52026
Butler,Kansas,56454
Butler,Kentucky,35430
Butler,Missouri,34969
Butler,Nebraska,50247
Butler,Ohio,56610
Butler,Pennsylvania,58230
Sargent,North Dakota,53381
Coffey,Kansas,51793
Westmoreland,Pennsylvania,50736
Westmoreland,Virginia,49157
Gillespie,Texas,53668
Maury,Tennessee,45336
Inyo,California,44796
Riverside,California,56529
Gaston,North Carolina,42017
Poinsett,Arkansas,32089
Hertford,North Carolina,33406
Benzie,Michigan,47366
Ellis,Kansas,43085
Ellis,Oklahoma,47344
Ellis,Texas,61952
Schuylkill,Pennsylvania,45012
Love,Oklahoma,43260
Sampson,North Carolina,36496
Allegheny,Pennsylvania,51366
Pottawatomie,Kansas,56854
Pottawatomie,Oklahoma,42764
Suwannee,Florida,35698
Jenkins,Georgia,26104
Darlington,South Carolina,36323
Grand Isle,Vermont,59509
St. Johns,Florida,64876
Bayfield,Wisconsin,44944
McKean,Pennsylvania,41834
Dickinson,Iowa,56136
Dickinson,Kansas,48890
Dickinson,Michigan,44136
Sawyer,Wisconsin,39904
Bay,Florida,47461
Bay,Michigan,45376
Staunton City,Virginia,38501
Graham,Arizona,44943
Graham,Kansas,47500
Graham,North Carolina,33903
Blackford,Indiana,39225
Columbus,North Carolina,35761
Pitt,North Carolina,40718
Lancaster,Nebraska,51574
Lancaster,Pennsylvania,56483
Lancaster,South Carolina,42217
Lancaster,Virginia,49248
Colquitt,Georgia,32484
Independence,Arkansas,35026
Rensselaer,New York,59432
Wirt,West Virginia,34702
Wetzel,West Virginia,37969
Saratoga,New York,69826
Lake,California,36548
Lake,Colorado,44610
Lake,Florida,45035
Lake,Illinois,77469
Lake,Indiana,49035
Lake,Michigan,29379
Lake,Minnesota,46939
Lake,Montana,38019
Lake,Ohio,56018
Lake,Oregon,33611
Lake,South Dakota,48936
Lake,Tennessee,27115
Rhea,Tennessee,36741
Guadalupe,New Mexico,29071
Guadalupe,Texas,61958
Alaska,State,70760
Grady,Georgia,30571
Grady,Oklahoma,49637
Mifflin,Pennsylvania,40384
Des Moines,Iowa,42451
Athens,Ohio,33823
Richmond County,Virginia,47083
North Carolina,State,46334
Willacy,Texas,25886
Simpson,Kentucky,39546
Simpson,Mississippi,38362
Upshur,Texas,46600
Upshur,West Virginia,39381
Randall,Texas,58529
Gila,Arizona,39954
Somervell,Texas,55269
Beaver,Oklahoma,51422
Beaver,Pennsylvania,49217
Beaver,Utah,46660
Polk,Arkansas,32835
Polk,Florida,43113
Polk,Georgia,39208
Polk,Iowa,59018
Polk,Minnesota,50695
Polk,Missouri,39512
Polk,Nebraska,52848
Polk,North Carolina,44745
Polk,Oregon,52808
Polk,Tennessee,39074
Polk,Texas,37855
Polk,Wisconsin,48538
Deer Lodge,Montana,38958
Letcher,Kentucky,31200
Bedford County,Virginia,57596
Bowie,Texas,42346
Burleson,Texas,45651
La Paz,Arizona,35776
Travis,Texas,58025
Placer,California,72725
Gordon,Georgia,40926
La Salle,Louisiana,42528
La Salle,Texas,26756
Fillmore,Minnesota,50657
Fillmore,Nebraska,48464
Moultrie,Illinois,46622
Collier,Florida,55843
Ferry,Washington,37571
Val Verde,Texas,40450
Nantucket,Massachusetts,85478
Bourbon,Kansas,39591
Bourbon,Kentucky,40933
Georgia,State,49179
Golden Valley,Montana,39313
Golden Valley,North Dakota,36100
Wythe,Virginia,41275
East Carroll,Louisiana,25321
Garrett,Maryland,45206
Cullman,Alabama,38847
Traill,North Dakota,48767
Rains,Texas,44478
Dade,Georgia,43205
Dade,Missouri,35483
Faribault,Minnesota,44264
Clear Creek,Colorado,67259
Powhatan,Virginia,76548
Luzerne,Pennsylvania,44402
Dakota,Minnesota,73732
Dakota,Nebraska,47069
Barbour,Alabama,32911
Barbour,West Virginia,37327
Cochran,Texas,38650
New York County,New York,69659
Gulf,Florida,40455
Poquoson City,Virginia,81892
Henderson,Illinois,49389
Henderson,Kentucky,41940
Henderson,North Carolina,44815
Henderson,Tennessee,38280
Henderson,Texas,40900
Northumberland,Pennsylvania,41208
Northumberland,Virginia,51342
Bon Homme,South Dakota,40980
Bureau,Illinois,48977
Rabun,Georgia,35423
Rush,Indiana,47401
Rush,Kansas,42610
Cherry,Nebraska,45464
Berks,Pennsylvania,55170
Bradford,Florida,40259
Bradford,Pennsylvania,46963
Payette,Idaho,43649
Coshocton,Ohio,41274
Madera,California,45625
Gates,North Carolina,46592
Petersburg Census Area,Alaska,63934
Terrebonne,Louisiana,49960
Cook,Georgia,34985
Cook,Illinois,54548
Cook,Minnesota,52215
Winchester City,Virginia,44200
Clay,Alabama,34002
Clay,Arkansas,31502
Clay,Florida,59482
Clay,Georgia,21192
Clay,Illinois,40640
Clay,Indiana,46430
Clay,Iowa,49035
Clay,Kansas,45233
Clay,Kentucky,21883
Clay,Minnesota,52410
Clay,Mississippi,30764
Clay,Missouri,60936
Clay,Nebraska,46784
Clay,North Carolina,38828
Clay,South Dakota,38173
Clay,Tennessee,29727
Clay,Texas,53776
Clay,West Virginia,31613
Winnebago,Illinois,47072
Winnebago,Iowa,45603
Winnebago,Wisconsin,51010
Skamania,Washington,53712
Washington City,District of Columbia,65830
Hutchinson,South Dakota,42451
Hutchinson,Texas,44731
Brookings,South Dakota,46896
Alabama,State,43253
Jerome,Idaho,40126
Sweetwater,Wyoming,71525
Magoffin,Kentucky,26877
Starr,Texas,24927
Harford,Maryland,80622
Whitman,Washington,36257
Wilson,Kansas,38917
Wilson,North Carolina,39204
Wilson,Tennessee,60390
Wilson,Texas,64571
Ouachita,Arkansas,32015
Ouachita,Louisiana,38955
Baltimore County,Maryland,66486
Hampshire,Massachusetts,61227
Hampshire,West Virginia,27766
Alleghany,North Carolina,35170
Alleghany,Virginia,44848
Kent,Delaware,55149
Kent,Maryland,56259
Kent,Michigan,51667
Kent,Rhode Island,62279
Kent,Texas,46875
Big Stone,Minnesota,46313
Valley,Idaho,50473
Valley,Montana,47181
Valley,Nebraska,40445
Westchester,New York,81946
Hardy,West Virginia,32723
Chenango,New York,43941
Osborne,Kansas,37925
Parmer,Texas,44943
Trousdale,Tennessee,43034
Hickman,Kentucky,34029
Hickman,Tennessee,39581
Alexander,Illinois,26972
Alexander,North Carolina,40637
Reno,Kansas,43798
Mitchell,Georgia,32054
Mitchell,Iowa,51078
Mitchell,Kansas,46667
Mitchell,North Carolina,37680
Mitchell,Texas,42045
Jennings,Indiana,44128
Accomack,Virginia,39328
Piatt,Illinois,63027
East Baton Rouge,Louisiana,48506
Okanogan,Washington,40368
Bailey,Texas,46139
Bracken,Kentucky,39196
Appling,Georgia,36786
Lander,Nevada,72742
Guthrie,Iowa,50609
Leslie,Kentucky,29293
Wayne,Georgia,35830
Wayne,Illinois,43605
Wayne,Indiana,38350
Wayne,Iowa,40024
Wayne,Kentucky,29497
Wayne,Michigan,41184
Wayne,Mississippi,29925
Wayne,Missouri,33159
Wayne,Nebraska,52147
Wayne,New York,52601
Wayne,North Carolina,41731
Wayne,Ohio,49135
Wayne,Pennsylvania,49313
Wayne,Tennessee,33198
Wayne,Utah,41458
Wayne,West Virginia,36964
Power,Idaho,44212
Fayette,Alabama,33838
Fayette,Georgia,79977
Fayette,Illinois,44722
Fayette,Indiana,37391
Fayette,Iowa,45542
Fayette,Kentucky,48398
Fayette,Ohio,37619
Fayette,Pennsylvania,39115
Fayette,Tennessee,56618
Fayette,Texas,48015
Fayette,West Virginia,33771
Grand,Colorado,64664
Grand,Utah,45888
Hunterdon,New Jersey,1.0614e+05
Desha,Arkansas,28680
Lumpkin,Georgia,43775
Towner,North Dakota,55521
Barnwell,South Carolina,35231
Taos,New Mexico,32637
Sagadahoc,Maine,56733
Metcalfe,Kentucky,31750
Antelope,Nebraska,43518
Slope,North Dakota,61667
Chambers,Alabama,32402
Chambers,Texas,72489
Klamath,Oregon,39627
McLeod,Minnesota,55170
Maries,Missouri,42566
Fallon,Montana,51164
Kenton,Kentucky,54270
Newport News City,Virginia,51027
Billings,North Dakota,57083
Emanuel,Georgia,32046
Kenedy,Texas,43438
Oldham,Kentucky,83391
Oldham,Texas,48929
Izard,Arkansas,30661
Waushara,Wisconsin,43070
Gloucester,New Jersey,74524
Gloucester,Virginia,60519
Early,Georgia,28853
Arizona,State,49774
Ringgold,Iowa,44551
Berkeley,South Carolina,52427
Berkeley,West Virginia,53515
Palo Alto,Iowa,44663
Cotton,Oklahoma,46317
Kalamazoo,Michigan,45775
St. Clair,Alabama,50786
St. Clair,Illinois,50578
St. Clair,Michigan,48066
St. Clair,Missouri,31539
Cochise,Arizona,45755
Glenn,California,43023
Falls,Texas,32908
Queen Anne's,Maryland,87256
Tehama,California,41924
Van Buren,Arkansas,32517
Van Buren,Iowa,43181
Van Buren,Michigan,45129
Van Buren,Tennessee,33547
Ozaukee,Wisconsin,75457
San Diego,California,62962
Orange,California,75422
Orange,Florida,47581
Orange,Indiana,38826
Orange,New York,70458
Orange,North Carolina,55569
Orange,Texas,49507
Orange,Vermont,52480
Orange,Virginia,60287
Hampton City,Virginia,50705
Bates,Missouri,38579
Hyde,North Carolina,42279
Hyde,South Dakota,47813
Dubois,Indiana,54780
Eastland,Texas,34914
Bristol City,Virginia,32221
Trego,Kansas,45714
Cimarron,Oklahoma,38301
Sully,South Dakota,54524
Callaway,Missouri,47964
Wyandotte,Kansas,39402
Divide,North Dakota,55057
Carver,Minnesota,83773
Green,Kentucky,34406
Green,Wisconsin,55584
Cowlitz,Washington,47596
Jerauld,South Dakota,46591
Matanuska-Susitna,Alaska,71037
Virginia,State,63907
Laclede,Missouri,39013
Anchorage,Alaska,77454
Archer,Texas,56452
Decatur,Georgia,30619
Decatur,Indiana,48047
Decatur,Iowa,36326
Decatur,Kansas,39333
Decatur,Tennessee,36258
Hemphill,Texas,56379
Lemhi,Idaho,34122
Nacogdoches,Texas,36777
Prince of Wales-Hyder Census Area,Alaska,46071
Maine,State,48453
Fountain,Indiana,45884
Onslow,North Carolina,45450
Dolores,Colorado,37750
Gilmer,Georgia,39140
Gilmer,West Virginia,38442
Danville City,Virginia,30786
Lunenburg,Virginia,35237
Morrow,Ohio,51484
Morrow,Oregon,49940
Ozark,Missouri,32078
Perquimans,North Carolina,43709
Wilkes,Georgia,28983
Wilkes,North Carolina,33159
Marathon,Wisconsin,53363
Codington,South Dakota,47214
New Hampshire,State,64916
Long,Georgia,42651
Banks,Georgia,41141
Tazewell,Illinois,56067
Tazewell,Virginia,35693
Clearfield,Pennsylvania,41030
Red Willow,Nebraska,42345
Nassau,Florida,55315
Nassau,New York,97690
Eddy,New Mexico,49165
Eddy,North Dakota,44250
Philadelphia,Pennsylvania,37192
Dearborn,Indiana,56946
Saluda,South Carolina,38514
Clare,Michigan,32668
Cattaraugus,New York,42603
Illinois,State,56797
Overton,Tennessee,34604
Plumas,California,45794
Leake,Mississippi,32521
Taliaferro,Georgia,25465
Virginia Beach City,Virginia,65219
Lamoille,Vermont,52686
Mower,Minnesota,46004
Southeast Fairbanks Census Area,Alaska,56801
Livingston,Illinois,54614
Livingston,Kentucky,40313
Livingston,Louisiana,56811
Livingston,Michigan,72359
Livingston,Missouri,40116
Livingston,New York,53518
Glynn,Georgia,46407
Concho,Texas,51411
Siskiyou,California,37709
Brooks,Georgia,34419
Brooks,Texas,21865
Elko,Nevada,70238
Steuben,Indiana,48080
Steuben,New York,47476
Stokes,North Carolina,42703
Kinney,Texas,33257
Seward,Kansas,50185
Seward,Nebraska,59435
Assumption,Louisiana,46116
Kauai,Hawaii,62052
Waupaca,Wisconsin,50822
Atoka,Oklahoma,37012
St. Martin,Louisiana,42186
Volusia,Florida,42457
Gem,Idaho,44432
Yalobusha,Mississippi,32930
Whitley,Indiana,51914
Whitley,Kentucky,29769
Centre,Pennsylvania,50336
Davison,South Dakota,48341
Botetourt,Virginia,65935
Becker,Minnesota,50214
Merrick,Nebraska,50859
Oregon County,Missouri,27743
Ogle,Illinois,54541
Duplin,North Carolina,34433
Pine,Minnesota,43928
Pope,Arkansas,40453
Pope,Illinois,38371
Pope,Minnesota,52350
Jewell,Kansas,39884
Kingsbury,South Dakota,51373
Wrangell,Alaska,45841
Canadian,Oklahoma,63629
Talbot,Georgia,32424
Talbot,Maryland,61597
Labette,Kansas,40916
Ness,Kansas,48800
Ziebach,South Dakota,32708
Palm Beach,Florida,52432
Mendocino,California,43469
Canyon,Idaho,42105
Thayer,Nebraska,44422
Geneva,Alabama,35625
Pointe Coupee,Louisiana,45363
Vigo,Indiana,40692
Todd,Kentucky,41541
Todd,Minnesota,45000
Todd,South Dakota,31934
Keith,Nebraska,41970
Lewis,Idaho,36000
Lewis,Kentucky,28388
Lewis,Missouri,42071
Lewis,New York,46840
Lewis,Tennessee,34397
Lewis,Washington,42860
Lewis,West Virginia,36199
Talladega,Alabama,35439
Lavaca,Texas,44149
Orleans,Louisiana,37146
Orleans,New York,48502
Orleans,Vermont,41953
Callahan,Texas,44902
Rockdale,Georgia,52579
Iredell,North Carolina,50329
Cocke,Tennessee,30573
Kittson,Minnesota,48875
Pennington,Minnesota,45633
Pennington,South Dakota,50833
Horry,South Carolina,42431
Charles,Maryland,93160
Sheridan,Kansas,48674
Sheridan,Montana,48667
Sheridan,Nebraska,38548
Sheridan,North Dakota,43250
Sheridan,Wyoming,52008
Tipton,Indiana,52686
Tipton,Tennessee,52423
Ohio County,Indiana,50377
Ohio County,Kentucky,40830
Ohio County,West Virginia,41025
Dinwiddie,Virginia,52027
Ada,Idaho,55210
Borden,Texas,71607
Sanborn,South Dakota,48384
Vanderburgh,Indiana,43540
Rankin,Mississippi,57380
Saginaw,Michigan,42331
Ashe,North Carolina,35951
Breckinridge,Kentucky,38907
Tippah,Mississippi,34636
Lake and Peninsula,Alaska,51786
Dawes,Nebraska,40359
Lewis and Clark,Montana,56243
Leon,Florida,46369
Leon,Texas,44452
Montana,State,46230
Piute,Utah,38500
Webster,Georgia,35718
Webster,Iowa,41624
Webster,Kentucky,41415
Webster,Louisiana,35071
Webster,Mississippi,33524
Webster,Missouri,44596
Webster,Nebraska,41045
Webster,West Virginia,27645
Nicollet,Minnesota,60115
Emmet,Iowa,48601
Emmet,Michigan,50929
Pickaway,Ohio,54003
Oscoda,Michigan,33239
King William,Virginia,62670
Clarendon,South Carolina,31410
Beaufort,North Carolina,40429
Beaufort,South Carolina,57316
Platte,Missouri,67721
Platte,Nebraska,51213
Platte,Wyoming,45512
Foard,Texas,33750
Davie,North Carolina,50139
Solano,California,67177
Winn,Louisiana,34322
Dillon,South Carolina,28817
McMullen,Texas,39500
Kern,California,48552
Toole,Montana,46972
Culberson,Texas,37105
Lanier,Georgia,39452
Kingman,Kansas,47466
Brunswick,North Carolina,46438
Brunswick,Virginia,36293
Wasco,Oregon,43765
Oxford,Maine,40674
Albemarle,Virginia,67725
Falls Church City,Virginia,1.2e+05
Greenville,South Carolina,49022
Iosco,Michigan,36236
Massachusetts,State,66866
Schleicher,Texas,50648
Humboldt,California,41426
Humboldt,Iowa,47897
Humboldt,Nevada,59472
Ionia,Michigan,47892
Woodbury,Iowa,45856
Alger,Michigan,37586
Williamson,Illinois,43125
Williamson,Tennessee,89779
Williamson,Texas,71803
Dawson,Georgia,53525
Dawson,Montana,50405
Dawson,Nebraska,46078
Dawson,Texas,39714
South Dakota,State,49495
Sandoval,New Mexico,58017
Clarion,Pennsylvania,42389
Calcasieu,Louisiana,43499
Peoria,Illinois,50712
Dauphin,Pennsylvania,54066
Weston,Wyoming,55461
Lexington City,Virginia,36505
Cerro Gordo,Iowa,44795
Twin Falls,Idaho,43886
McKenzie,North Dakota,64866
Norman,Minnesota,45389
Oceana,Michigan,40023
Tulsa,Oklahoma,48181
Treasure,Montana,37105
Emporia City,Virginia,32155
Mississippi,State,39031
Corson,South Dakota,30880
Muscogee,Georgia,41339
Jefferson,Alabama,45429
Jefferson,Arkansas,37140
Jefferson,Colorado,68984
Jefferson,Florida,44170
Jefferson,Georgia,26968
Jefferson,Idaho,52023
Jefferson,Illinois,42981
Jefferson,Indiana,43795
Jefferson,Iowa,48814
Jefferson,Kansas,56875
Jefferson,Kentucky,46959
Jefferson,Louisiana,48261
Jefferson,Mississippi,26028
Jefferson,Missouri,54845
Jefferson,Montana,60863
Jefferson,Nebraska,44843
Jefferson,New York,46484
Jefferson,Ohio,40577
Jefferson,Oklahoma,34701
Jefferson,Oregon,43373
Jefferson,Pennsylvania,41262
Jefferson,Tennessee,39745
Jefferson,Texas,42568
Jefferson,Washington,46320
Jefferson,West Virginia,65304
Jefferson,Wisconsin,53454
Troup,Georgia,41161
Durham,North Carolina,51853
Hinds,Mississippi,37626
Moffat,Colorado,53231
Linn,Iowa,57260
Linn,Kansas,45519
Linn,Missouri,38250
Linn,Oregon,46939
Unicoi,Tennessee,32292
Newton,Arkansas,30038
Newton,Georgia,50580
Newton,Indiana,50262
Newton,Mississippi,39190
Newton,Missouri,42268
Newton,Texas,37246
Missaukee,Michigan,41061
Mathews,Virginia,55192
Switzerland,Indiana,44143
Graves,Kentucky,38394
Towns,Georgia,36570
Malheur,Oregon,35578
Dooly,Georgia,29012
Grainger,Tennessee,32364
Roosevelt,Montana,36920
Roosevelt,New Mexico,38764
Little River,Arkansas,39673
Blanco,Texas,49487
Juniata,Pennsylvania,46163
Pitkin,Colorado,72745
Bowman,North Dakota,56964
Whatcom,Washington,51939
Wibaux,Montana,41875
La Crosse,Wisconsin,51339
Starke,Indiana,40126
Laramie,Wyoming,55864
Gilchrist,Florida,38406
St. Mary,Louisiana,41571
Amador,California,53684
Madison,Alabama,58434
Madison,Arkansas,35771
Madison,Florida,33833
Madison,Georgia,42549
Madison,Idaho,32059
Madison,Illinois,53633
Madison,Indiana,43120
Madison,Iowa,57581
Madison,Kentucky,42312
Madison,Louisiana,25498
Madison,Mississippi,59904
Madison,Missouri,35870
Madison,Montana,47762
Madison,Nebraska,46566
Madison,New York,53589
Madison,North Carolina,38598
Madison,Ohio,54956
Madison,Tennessee,41617
Madison,Texas,41732
Madison,Virginia,53459
San Benito,California,66237
Tuolumne,California,48426
Lowndes,Alabama,26230
Lowndes,Georgia,37365
Lowndes,Mississippi,37868
Blount,Alabama,44145
Blount,Tennessee,45991
San Mateo,California,88202
Kossuth,Iowa,51812
Licking,Ohio,55114
Ingham,Michigan,45321
Gilpin,Colorado,63885
Box Elder,Utah,57292
Piscataquis,Maine,36646
Greenlee,Arizona,47992
Mahoning,Ohio,41058
Trumbull,Ohio,42880
Highland County,Virginia,49625
Motley,Texas,35845
McPherson,Kansas,54167
McPherson,Nebraska,54926
McPherson,South Dakota,37240
Fulton,Arkansas,35522
Fulton,Georgia,56857
Fulton,Illinois,45130
Fulton,Indiana,40168
Fulton,Kentucky,33582
Fulton,New York,44276
Fulton,Ohio,52856
Fulton,Pennsylvania,48461
Avoyelles,Louisiana,33942
Missouri,State,47380
Worcester,Maryland,57952
Worcester,Massachusetts,65223
Hopkins,Kentucky,40891
Hopkins,Texas,43657
Preble,Ohio,48405
Page,Iowa,43010
Page,Virginia,42906
Josephine,Oregon,37733
Marengo,Alabama,35079
Torrance,New Mexico,31161
Valencia,New Mexico,42506
Clearwater,Idaho,40134
Clearwater,Minnesota,43269
McCracken,Kentucky,44898
Lyman,South Dakota,47596
Steele,Minnesota,56480
Steele,North Dakota,55735
Bertie,North Carolina,30768
Washington Parish,Louisiana,31778
Sacramento,California,55064
Tripp,South Dakota,39324
Sedgwick,Colorado,40221
Sedgwick,Kansas,49865
McCurtain,Oklahoma,31790
Santa Rosa,Florida,57703
Ouray,Colorado,64601
Schley,Georgia,38425
Wexford,Michigan,40965
Osage,Kansas,50205
Osage,Missouri,51408
Osage,Oklahoma,44195
San Bernardino,California,54090
Jasper,Georgia,42192
Jasper,Illinois,52233
Jasper,Indiana,57500
Jasper,Iowa,50513
Jasper,Mississippi,31170
Jasper,Missouri,40399
Jasper,South Carolina,36413
Jasper,Texas,40417
Hubbard,Minnesota,45961
Edgar,Illinois,42133
McDowell,North Carolina,35297
McDowell,West Virginia,22252
DeSoto,Florida,34963
DeSoto,Louisiana,39162
DeSoto,Mississippi,58505
Mohave,Arizona,39200
Searcy,Arkansas,30779
Tishomingo,Mississippi,32592
Beadle,South Dakota,42196
Telfair,Georgia,26634
Scott,Arkansas,37448
Scott,Illinois,49669
Scott,Indiana,42898
Scott,Iowa,52735
Scott,Kansas,50605
Scott,Kentucky,61893
Scott,Minnesota,86112
Scott,Mississippi,34534
Scott,Missouri,40651
Scott,Tennessee,28401
Scott,Virginia,38355
Cleburne,Alabama,38019
Cleburne,Arkansas,40246
Concordia,Louisiana,29022
Isle of Wight,Virginia,63942
Santa Clara,California,91702
Tyler,Texas,39940
Tyler,West Virginia,39206
Tuscarawas,Ohio,43739
Jersey,Illinois,53954
Camp,Texas,37079
McCulloch,Texas,39194
New Mexico,State,44927
Mountrail,North Dakota,68722
Valdez-Cordova Census Area,Alaska,74878
York,Maine,57348
York,Nebraska,49633
York,Pennsylvania,58745
York,South Carolina,53740
York,Virginia,82073
Trigg,Kentucky,45629
Fort Bend,Texas,85297
Yellow Medicine,Minnesota,52510
Cross,Arkansas,38085
Ochiltree,Texas,49964
Roberts,South Dakota,47191
Roberts,Texas,67321
Buffalo,Nebraska,50963
Buffalo,South Dakota,30962
Buffalo,Wisconsin,47384
Chaffee,Colorado,46504
Lenawee,Michigan,47766
Camas,Idaho,41154
Cavalier,North Dakota,55904
Racine,Wisconsin,54090
Perry,Alabama,28209
Perry,Arkansas,42455
Perry,Illinois,42078
Perry,Indiana,47596
Perry,Kentucky,33528
Perry,Mississippi,36124
Perry,Missouri,47876
Perry,Ohio,41446
Perry,Pennsylvania,57375
Perry,Tennessee,32845
Aleutians East,Alaska,61250
Pendleton,Kentucky,45480
Pendleton,West Virginia,34175
Mille Lacs,Minnesota,47862
Goodhue,Minnesota,56836
Lubbock,Texas,44397
Perkins,Nebraska,58625
Perkins,South Dakota,38362
Baxter,Arkansas,35343
Woods,Oklahoma,51619
Emery,Utah,52763
Stonewall,Texas,42429
Hoke,North Carolina,45489
Randolph,Alabama,35213
Randolph,Arkansas,34418
Randolph,Georgia,30023
Randolph,Illinois,47427
Randolph,Indiana,40904
Randolph,Missouri,37203
Randolph,North Carolina,41208
Randolph,West Virginia,37276
Luce,Michigan,39469
Louisa,Iowa,50583
Louisa,Virginia,54518
Cassia,Idaho,42039
Greer,Oklahoma,39900
Shasta,California,44651
Schenectady,New York,56061
Appomattox,Virginia,50167
Pemiscot,Missouri,28889
Mineral,Colorado,47083
Mineral,Montana,33033
Mineral,Nevada,35017
Mineral,West Virginia,31163
Chattooga,Georgia,33228
Pocahontas,Iowa,44073
Pocahontas,West Virginia,33779
Chowan,North Carolina,34420
Grand Forks,North Dakota,46745
Wyandot,Ohio,44448
Oliver,North Dakota,71250
California,State,61094
Quay,New Mexico,30802
Catawba,North Carolina,44332
Doddridge,West Virginia,34817
Walla Walla,Washington,46597
Las Animas,Colorado,42261
Hays,Texas,58651
Hendry,Florida,35425
Schoolcraft,Michigan,35260
Ross,Ohio,43264
Michigan,State,48411
Pettis,Missouri,38580
Gregory,South Dakota,36719
Moniteau,Missouri,47118
Caroline,Maryland,58632
Caroline,Virginia,57218
Crook,Oregon,38795
Crook,Wyoming,53237
Berrien,Georgia,32258
Berrien,Michigan,43633
Missoula,Montana,46117
East Feliciana,Louisiana,47225
Rock,Minnesota,46623
Rock,Nebraska,43500
Rock,Wisconsin,49435
Island,Washington,58455
Roanoke County,Virginia,60795
Miner,South Dakota,48477
Audrain,Missouri,43013
Otoe,Nebraska,50881
Breathitt,Kentucky,24045
Ashley,Arkansas,35683
Effingham,Georgia,63030
Effingham,Illinois,52108
Zavala,Texas,25625
Howard,Arkansas,35879
Howard,Indiana,43590
Howard,Iowa,46429
Howard,Maryland,1.0986e+05
Howard,Missouri,42747
Howard,Nebraska,49088
Howard,Texas,45612
Haines,Alaska,52866
Briscoe,Texas,36250
Watonwan,Minnesota,49698
Wharton,Texas,40411
Middlesex,Connecticut,76994
Middlesex,Massachusetts,82090
Middlesex,New Jersey,79596
Middlesex,Virginia,53309
Trempealeau,Wisconsin,49143
Saguache,Colorado,34600
Mayes,Oklahoma,42751
Dillingham Census Area,Alaska,54150
Greensville,Virginia,39697
Fairfield,Connecticut,82283
Fairfield,Ohio,58786
Fairfield,South Carolina,36120
Hall,Georgia,50853
Hall,Nebraska,48712
Hall,Texas,33006
Dorchester,Maryland,46361
Dorchester,South Carolina,53857
Peach,Georgia,39844
Powder River,Montana,46250
Walker,Alabama,37566
Walker,Georgia,39963
Walker,Texas,37617
Guernsey,Ohio,38841
Sharkey,Mississippi,35125
Watauga,North Carolina,34293
Oakland,Michigan,65594
Wood,Ohio,52069
Wood,Texas,43649
Wood,West Virginia,42287
Wood,Wisconsin,47685
Waldo,Maine,42221
Bastrop,Texas,51750
Isanti,Minnesota,57353
Antrim,Michigan,45362
Atascosa,Texas,47543
Brewster,Texas,40477
Imperial,California,41807
Lamb,Texas,36727
Mono,California,61757
Carroll,Arkansas,36584
Carroll,Georgia,46147
Carroll,Illinois,47985
Carroll,Indiana,50542
Carroll,Iowa,48361
Carroll,Kentucky,40160
Carroll,Maryland,84790
Carroll,Mississippi,31039
Carroll,Missouri,46002
Carroll,New Hampshire,50866
Carroll,Ohio,43779
Carroll,Tennessee,35049
Carroll,Virginia,32853
Tarrant,Texas,56853
Wisconsin,State,52413
Phillips,Arkansas,26737
Phillips,Colorado,43011
Phillips,Kansas,43059
Phillips,Montana,42632
Sibley,Minnesota,54017
McClain,Oklahoma,54426
Loudoun,Virginia,1.2224e+05
Tolland,Connecticut,80529
Walthall,Mississippi,31090
Asotin,Washington,43175
Weld,Colorado,57180
Salt Lake,Utah,60555
Wagoner,Oklahoma,55723
Seminole,Florida,58175
Seminole,Georgia,30521
Seminole,Oklahoma,33819
St. Helena,Louisiana,33143
Hardee,Florida,37125
Daviess,Indiana,47165
Daviess,Kentucky,46555
Daviess,Missouri,42393
Marshall,Alabama,39526
Marshall,Illinois,51504
Marshall,Indiana,45709
Marshall,Iowa,51555
Marshall,Kansas,44032
Marshall,Kentucky,43907
Marshall,Minnesota,52198
Marshall,Mississippi,36022
Marshall,Oklahoma,37319
Marshall,South Dakota,46597
Marshall,Tennessee,42291
Marshall,West Virginia,40681
Miami,Indiana,42023
Miami,Kansas,58936
Miami,Ohio,52040
San Patricio,Texas,50657
Nolan,Texas,36806
Harris,Georgia,69223
Harris,Texas,53137
Lawrence,Alabama,38551
Lawrence,Arkansas,32239
Lawrence,Illinois,40145
Lawrence,Indiana,42627
Lawrence,Kentucky,33525
Lawrence,Mississippi,38393
Lawrence,Missouri,39334
Lawrence,Ohio,41552
Lawrence,Pennsylvania,43546
Lawrence,South Dakota,43273
Lawrence,Tennessee,37368
King George,Virginia,81753
Sioux,Iowa,57227
Sioux,Nebraska,42014
Sioux,North Dakota,36111
LaSalle,Illinois,52640
Caribou,Idaho,53586
Moore,North Carolina,49544
Moore,Tennessee,46170
Moore,Texas,51181
Hardin,Illinois,37071
Hardin,Iowa,49342
Hardin,Kentucky,48687
Hardin,Ohio,40415
Hardin,Tennessee,33622
Hardin,Texas,53013
Providence,Rhode Island,49297
Phelps,Missouri,41964
Phelps,Nebraska,50000
Presque Isle,Michigan,39652
Santa Cruz,Arizona,37745
Santa Cruz,California,66519
Boyd,Kentucky,40379
Boyd,Nebraska,41279
Hinsdale,Colorado,56667
Broward,Florida,51251
Larimer,Colorado,58626
St. Landry,Louisiana,35503
Floyd,Georgia,40821
Floyd,Indiana,53961
Floyd,Iowa,43826
Floyd,Kentucky,30476
Floyd,Texas,42279
Floyd,Virginia,44618
Clinch,Georgia,30345
Nottoway,Virginia,36607
Osceola,Florida,43891
Osceola,Iowa,48659
Osceola,Michigan,37788
Broome,New York,45958
Monongalia,West Virginia,44173
O'Brien,Iowa,48185
Collin,Texas,82762
Dunklin,Missouri,31304
Montague,Texas,44231
Shackelford,Texas,47277
Boise,Idaho,41056
Echols,Georgia,31375
Barton,Kansas,44981
Barton,Missouri,40580
LaRue,Kentucky,39753
Ocean,New Jersey,61136
Weakley,Tennessee,35273
Baraga,Michigan,41189
Taylor,Florida,36356
Taylor,Georgia,27455
Taylor,Iowa,43804
Taylor,Kentucky,36384
Taylor,Texas,44891
Taylor,West Virginia,39536
Taylor,Wisconsin,44869
Hartley,Texas,65750
Grays Harbor,Washington,42405
Harvey,Kansas,50287
Whitfield,Georgia,40471
Frio,Texas,35849
Spalding,Georgia,41534
Wallowa,Oregon,41994
Mecosta,Michigan,39470
Vermont,State,54267
Elliott,Kentucky,24246
Judith Basin,Montana,41932
Johnson,Arkansas,31003
Johnson,Georgia,36722
Johnson,Illinois,40760
Johnson,Indiana,61231
Johnson,Iowa,53424
Johnson,Kansas,74717
Johnson,Kentucky,34090
Johnson,Missouri,47223
Johnson,Nebraska,42364
Johnson,Tennessee,29609
Johnson,Texas,57535
Johnson,Wyoming,57004
Norton,Kansas,46029
Llano,Texas,44094
Montour,Pennsylvania,51482
Ketchikan Gateway,Alaska,62519
Bollinger,Missouri,37716
Oregon,State,50229
Panola,Mississippi,35715
Panola,Texas,52453
Republic,Kansas,39572
Erath,Texas,39586
Deschutes,Oregon,50209
Dukes,Massachusetts,66288
Amelia,Virginia,52885
Stutsman,North Dakota,50120
Trinity,California,36890
Trinity,Texas,34555
Ontario,New York,56479
Minnehaha,South Dakota,52345
Craighead,Arkansas,41393
Louisiana,State,44874
Southampton,Virginia,46150
Baker,Florida,49236
Baker,Georgia,27353
Baker,Oregon,41500
Elk,Kansas,34089
Elk,Pennsylvania,45767
Mora,New Mexico,28481
Paulding,Georgia,61837
Paulding,Ohio,44861
White,Arkansas,42487
White,Georgia,40670
White,Illinois,42914
White,Indiana,51444
White,Tennessee,34474
Yavapai,Arizona,42987
Twiggs,Georgia,31234
Charleston,South Carolina,50792
Lassen,California,53107
Thurston,Nebraska,41400
Thurston,Washington,62229
Herkimer,New York,45047
Yuba,California,44902
Hand,South Dakota,47679
Alamosa,Colorado,34520
Rutherford,North Carolina,36334
Rutherford,Tennessee,55401
Kendall,Illinois,81765
Kendall,Texas,73410
Dixie,Florida,33981
Copiah,Mississippi,35421
Baca,Colorado,38829
Hawaii,State,67402
Otsego,Michigan,47584
Otsego,New York,47765
Bacon,Georgia,33757
Apache,Arizona,31476
Trimble,Kentucky,49718
Darke,Ohio,43425
Aroostook,Maine,37855
Meriwether,Georgia,37333
Lea,New Mexico,50694
Yates,New York,49335
Hawkins,Tennessee,37357
Alachua,Florida,42149
Milwaukee,Wisconsin,43193
Bandera,Texas,49215
Windsor,Vermont,52460
Dallas,Alabama,26519
Dallas,Arkansas,28931
Dallas,Iowa,73847
Dallas,Missouri,40120
Dallas,Texas,49481
Stearns,Minnesota,54551
Ulster,New York,58590
Routt,Colorado,62002
Atchison,Kansas,45212
Atchison,Missouri,44426
Dallam,Texas,40895
Anderson,Kansas,41713
Anderson,Kentucky,52646
Anderson,South Carolina,41579
Anderson,Tennessee,43620
Anderson,Texas,40653
Salem City,Virginia,48733
Charlevoix,Michigan,45949
Beltrami,Minnesota,43231
Gosper,Nebraska,45893
Kalkaska,Michigan,40140
Forrest,Mississippi,36726
Washington,State,59478
Guilford,North Carolina,45431
Shawano,Wisconsin,46559
Natchitoches,Louisiana,33953
Ashland,Ohio,46548
Ashland,Wisconsin,38550
Rooks,Kansas,42449
Kearny,Kansas,52264
Brown,Illinois,42194
Brown,Indiana,51568
Brown,Kansas,39968
Brown,Minnesota,48256
Brown,Nebraska,33647
Brown,Ohio,44341
Brown,South Dakota,51398
Brown,Texas,39776
Brown,Wisconsin,53119
Georgetown,South Carolina,40131
Galax City,Virginia,30325
Schuyler,Illinois,48138
Schuyler,Missouri,34688
Schuyler,New York,46976
Powell,Kentucky,26839
Powell,Montana,40802
Alcona,Michigan,37189
Bee,Texas,43690
Keya Paha,Nebraska,36923
Kittitas,Washington,42982
Coke,Texas,40795
Vinton,Ohio,36705
Menard,Illinois,58190
Menard,Texas,31215
Spotsylvania,Virginia,78345
Chatham,Georgia,45794
Chatham,North Carolina,57091
Hanover,Virginia,75070
Crawford,Arkansas,39479
Crawford,Georgia,41586
Crawford,Illinois,46216
Crawford,Indiana,39700
Crawford,Iowa,46548
Crawford,Kansas,37378
Crawford,Michigan,40295
Crawford,Missouri,35897
Crawford,Ohio,40783
Crawford,Pennsylvania,42504
Crawford,Wisconsin,42235
Idaho,State,46767
Modoc,California,36212
Presidio,Texas,29634
Stillwater,Montana,57906
Cameron,Louisiana,64574
Cameron,Pennsylvania,41410
Cameron,Texas,33179
Pushmataha,Oklahoma,29897
Redwood,Minnesota,47447
Branch,Michigan,41856
Dougherty,Georgia,31671
Giles,Tennessee,38495
Giles,Virginia,45141
Woodson,Kansas,33839
Delta,Colorado,42078
Delta,Michigan,42676
Delta,Texas,40375
Winneshiek,Iowa,53122
San Juan,Colorado,39583
San Juan,New Mexico,48196
San Juan,Utah,40492
San Juan,Washington,53376
Kennebec,Maine,46808
Bath,Kentucky,30797
Bath,Virginia,51365
Wallace,Kansas,47454
Gregg,Texas,45525
Yoakum,Texas,49340
Duchesne,Utah,57683
Lamar,Alabama,36028
Lamar,Georgia,41016
Lamar,Mississippi,51154
Lamar,Texas,40104
Houghton,Michigan,35430
Washburn,Wisconsin,41924
Sequoyah,Oklahoma,35742
Bethel Census Area,Alaska,51689
Bledsoe,Tennessee,33443
Arkansas County,Arkansas,39633
King and Queen,Virginia,48372
Roscommon,Michigan,33334
Collingsworth,Texas,41576
San Miguel,Colorado,63594
San Miguel,New Mexico,28275
Forest,Pennsylvania,36556
Forest,Wisconsin,39963
Thomas,Georgia,34035
Thomas,Kansas,48187
Thomas,Nebraska,55089
Morrison,Minnesota,47649
Pacific,Washington,39830
Doa Ana,New Mexico,37933
Bolivar,Mississippi,28599
Marinette,Wisconsin,40490
Catoosa,Georgia,47087
Barrow,Georgia,53274
Itasca,Minnesota,46912
Kearney,Nebraska,56466
Wilkinson,Georgia,36173
Wilkinson,Mississippi,33618
Refugio,Texas,44548
Robeson,North Carolina,29806
Morris,Kansas,47445
Morris,New Jersey,98633
Morris,Texas,37849
Pondera,Montana,41277
Nye,Nevada,39876
Calloway,Kentucky,39677
Marion,Alabama,32888
Marion,Arkansas,34494
Marion,Florida,39453
Marion,Georgia,33301
Marion,Illinois,41010
Marion,Indiana,42334
Marion,Iowa,54723
Marion,Kansas,45830
Marion,Kentucky,38719
Marion,Mississippi,29400
Marion,Missouri,42046
Marion,Ohio,42572
Marion,Oregon,46885
Marion,South Carolina,29149
Marion,Tennessee,41268
Marion,Texas,31967
Marion,West Virginia,42152
Murray,Georgia,34888
Murray,Minnesota,52160
Murray,Oklahoma,44151
Hampden,Massachusetts,49094
Allen,Indiana,49370
Allen,Kansas,40554
Allen,Kentucky,40008
Allen,Louisiana,38429
Allen,Ohio,42823
Glascock,Georgia,37760
Gwinnett,Georgia,60445
Hood River,Oregon,56725
Lyon,Iowa,52152
Lyon,Kansas,38981
Lyon,Kentucky,40112
Lyon,Minnesota,49594
Lyon,Nevada,46137
Dundy,Nebraska,47431
Sussex,Delaware,52710
Sussex,New Jersey,87335
Sussex,Virginia,39635
Mahnomen,Minnesota,40282
Young,Texas,44429
DuPage,Illinois,78487
Skagway,Alaska,71667
Moody,South Dakota,51791
Stephenson,Illinois,43472
Chicot,Arkansas,26201
Pittsylvania,Virginia,42143
Tate,Mississippi,41494
Gallia,Ohio,39226
Tompkins,New York,51393
Petroleum,Montana,41705
Windham,Connecticut,59333
Windham,Vermont,50234
Choctaw,Alabama,33941
Choctaw,Mississippi,29876
Choctaw,Oklahoma,30201
Alpena,Michigan,38016
Lonoke,Arkansas,52582
St. Lucie,Florida,43413
Marin,California,90839
McLennan,Texas,41922
Dodge,Georgia,37292
Dodge,Minnesota,69301
Dodge,Nebraska,48626
Dodge,Wisconsin,53075
Grayson,Kentucky,32399
Grayson,Texas,46429
Grayson,Virginia,30710
Adair,Iowa,47892
Adair,Kentucky,32524
Adair,Missouri,34733
Adair,Oklahoma,32556
Comal,Texas,65839
Allamakee,Iowa,48831
Teton,Idaho,53931
Teton,Montana,43327
Teton,Wyoming,68078
Pershing,Nevada,52101
Angelina,Texas,41354
Houston,Alabama,40948
Houston,Georgia,54893
Houston,Minnesota,52545
Houston,Tennessee,35271
Houston,Texas,33119
Hayes,Nebraska,49125
Curry,New Mexico,39871
Curry,Oregon,39516
Lincoln,Arkansas,32697
Lincoln,Colorado,41910
Lincoln,Georgia,35625
Lincoln,Idaho,42433
Lincoln,Kansas,40811
Lincoln,Kentucky,33651
Lincoln,Louisiana,35769
Lincoln,Maine,50181
Lincoln,Minnesota,47861
Lincoln,Mississippi,36498
Lincoln,Missouri,52835
Lincoln,Montana,33333
Lincoln,Nebraska,48158
Lincoln,Nevada,40143
Lincoln,New Mexico,43014
Lincoln,North Carolina,48940
Lincoln,Oklahoma,42668
Lincoln,Oregon,42365
Lincoln,South Dakota,74751
Lincoln,Tennessee,41571
Lincoln,Washington,47195
Lincoln,West Virginia,35487
Lincoln,Wisconsin,49021
Lincoln,Wyoming,64205
Cheyenne,Colorado,51641
Cheyenne,Kansas,37875
Cheyenne,Nebraska,51529
Seneca,New York,47618
Seneca,Ohio,43764
Furnas,Nebraska,39603
Uinta,Wyoming,58515
Kleberg,Texas,40566
Fresno,California,45563
Snohomish,Washington,68381
Oswego,New York,48051
Stephens,Georgia,37898
Stephens,Oklahoma,43885
Stephens,Texas,41728
Colorado County,Texas,45146
Pike,Alabama,33090
Pike,Arkansas,32206
Pike,Georgia,53865
Pike,Illinois,39845
Pike,Indiana,40680
Pike,Kentucky,32961
Pike,Mississippi,34841
Pike,Missouri,39850
Pike,Ohio,42165
Pike,Pennsylvania,59340
Manitowoc,Wisconsin,48881
Iberia,Louisiana,44262
Beaverhead,Montana,41614
Barnes,North Dakota,50274
Santa Barbara,California,62779
Carson,Texas,65026
Ripley,Indiana,47537
Ripley,Missouri,32291
Mills,Iowa,63076
Mills,Texas,44213
Rockingham,New Hampshire,77348
Rockingham,North Carolina,38567
Rockingham,Virginia,52195
DeKalb,Alabama,37851
DeKalb,Georgia,50856
DeKalb,Illinois,53375
DeKalb,Indiana,47247
DeKalb,Missouri,44092
DeKalb,Tennessee,37482
Honolulu,Hawaii,72764
McCone,Montana,46667
Hitchcock,Nebraska,39702
Olmsted,Minnesota,66252
Wakulla,Florida,52691
Gogebic,Michigan,34252
Okfuskee,Oklahoma,35170
Kootenai,Idaho,49002
Swain,North Carolina,36094
Dickson,Tennessee,44318
Turner,Georgia,28326
Turner,South Dakota,51925
Hampton,South Carolina,34233
Stafford,Kansas,43292
Stafford,Virginia,97110
Merrimack,New Hampshire,65353
Knott,Kentucky,33889
Kane,Illinois,69530
Kane,Utah,48540
Morgan,Alabama,44800
Morgan,Colorado,43774
Morgan,Georgia,47729
Morgan,Illinois,46809
Morgan,Indiana,55354
Morgan,Kentucky,30658
Morgan,Missouri,34797
Morgan,Ohio,37865
Morgan,Tennessee,37631
Morgan,Utah,80337
Morgan,West Virginia,36046
Gentry,Missouri,39192
Richardson,Nebraska,38582
Utah,State,58821
Prince Edward,Virginia,37436
San Jacinto,Texas,46107
Pawnee,Kansas,44078
Pawnee,Nebraska,37321
Pawnee,Oklahoma,44375
Cibola,New Mexico,37237
Texas County,Missouri,36082
Texas County,Oklahoma,49901
Fisher,Texas,42125
Hanson,South Dakota,55815
Clarke,Alabama,29357
Clarke,Georgia,33060
Clarke,Iowa,43216
Clarke,Mississippi,31362
Clarke,Virginia,77597
Nodaway,Missouri,36641
Tillamook,Oregon,43676
Sherman,Kansas,38634
Sherman,Nebraska,41835
Sherman,Oregon,42639
Sherman,Texas,48185
Hillsborough,Florida,49596
Hillsborough,New Hampshire,69829
Woodruff,Arkansas,28259
Person,North Carolina,42317
Fredericksburg City,Virginia,47040
Passaic,New Jersey,57654
Boyle,Kentucky,41473
Pend Oreille,Washington,40567
Huntingdon,Pennsylvania,44183
Wahkiakum,Washington,41815
De Baca,New Mexico,37660
Juneau,Alaska,81490
Juneau,Wisconsin,45297
Reagan,Texas,61250
Bennett,South Dakota,37607
Kankakee,Illinois,50102
Ramsey,Minnesota,54247
Ramsey,North Dakota,48604
Smith,Kansas,45556
Smith,Mississippi,34753
Smith,Tennessee,42383
Smith,Texas,47432
Kusilvak Census Area,Alaska,40176
Geauga,Ohio,67663
Charlotte,Florida,44378
Charlotte,Virginia,33015
Laurel,Kentucky,36570
Millard,Utah,49238
Charles Mix,South Dakota,40102
Stark,Illinois,54203
Stark,North Dakota,62559
Stark,Ohio,45641
Sequatchie,Tennessee,36434
Audubon,Iowa,48313
Cheshire,New Hampshire,55155
Lynn,Texas,44375
Bienville,Louisiana,31543
Lipscomb,Texas,57978
Utah County,Utah,60196
Laurens,Georgia,34793
Laurens,South Carolina,37383
Muskogee,Oklahoma,38502
Isabella,Michigan,36372
Christian,Illinois,45145
Christian,Kentucky,38904
Christian,Missouri,52838
Harnett,North Carolina,44625
Carson City,Nevada,51957
Greeley,Kansas,52847
Greeley,Nebraska,44950
Grant,Arkansas,49004
Grant,Indiana,39747
Grant,Kansas,53213
Grant,Kentucky,46159
Grant,Louisiana,39654
Grant,Minnesota,50030
Grant,Nebraska,44167
Grant,New Mexico,37899
Grant,North Dakota,41694
Grant,Oklahoma,46625
Grant,Oregon,35051
Grant,South Dakota,48896
Grant,Washington,45949
Grant,West Virginia,41368
Grant,Wisconsin,46963
James City County,Virginia,76960
Arlington,Virginia,1.0321e+05
Barren,Kentucky,38873
Delaware County,Indiana,37474
Delaware County,Iowa,54076
Delaware County,New York,44470
Delaware County,Ohio,89757
Delaware County,Oklahoma,36588
Delaware County,Pennsylvania,64041
Litchfield,Connecticut,71338
Ford,Illinois,48866
Ford,Kansas,51178
Calvert,Maryland,95477
Will,Illinois,76147
Sumner,Kansas,47894
Sumner,Tennessee,55509
Socorro,New Mexico,34036
Washoe,Nevada,53040
Meade,Kansas,51000
Meade,Kentucky,46756
Meade,South Dakota,49324
Andrew,Missouri,54336
Victoria,Texas,50364
Sarpy,Nebraska,69965
Montrose,Colorado,45718
Onondaga,New York,54242
Saunders,Nebraska,59870
Geary,Kansas,46908
Ontonagon,Michigan,34620
Denali,Alaska,72500
Rio Blanco,Colorado,60128
Waseca,Minnesota,53657
Anoka,Minnesota,70380
Morrill,Nebraska,43886
Major,Oklahoma,49905
Kimball,Nebraska,42180
Strafford,New Hampshire,58825
Walworth,South Dakota,41826
Walworth,Wisconsin,54020
Preston,West Virginia,45413
Leflore,Mississippi,24480
McDonough,Illinois,36031
Wells,Indiana,48136
Wells,North Dakota,44132
Griggs,North Dakota,45542
Bennington,Vermont,50221
Posey,Indiana,58750
Aurora,South Dakota,46667
Kewaunee,Wisconsin,53588
Pierce,Georgia,39067
Pierce,Nebraska,51924
Pierce,North Dakota,42975
Pierce,Washington,59204
Pierce,Wisconsin,59226
Sabine,Louisiana,35159
Sabine,Texas,32963
Shawnee,Kansas,48451
Spartanburg,South Carolina,42919
Robertson,Kentucky,31786
Robertson,Tennessee,52792
Robertson,Texas,40601
Colusa,California,52158
Wake,North Carolina,66006
Sheboygan,Wisconsin,52920
Martin,Florida,49846
Martin,Indiana,44740
Martin,Kentucky,26261
Martin,Minnesota,48530
Martin,North Carolina,35111
Martin,Texas,42607
St. Bernard,Louisiana,41353
Heard,Georgia,39909
San Augustine,Texas,28390
Nemaha,Kansas,47122
Nemaha,Nebraska,42672
Chesapeake City,Virginia,69743
Chippewa,Michigan,41637
Chippewa,Minnesota,49434
Chippewa,Wisconsin,50551
Halifax,North Carolina,32329
Halifax,Virginia,34659
Snyder,Pennsylvania,46513
Tift,Georgia,34591
Douglas,Colorado,1.0159e+05
Douglas,Georgia,52691
Douglas,Illinois,52741
Douglas,Kansas,49508
Douglas,Minnesota,50905
Douglas,Missouri,32130
Douglas,Nebraska,53325
Douglas,Nevada,60100
Douglas,Oregon,40524
Douglas,South Dakota,49200
Douglas,Washington,51908
Douglas,Wisconsin,45418
Montmorency,Michigan,35261
Harrison,Indiana,50510
Harrison,Iowa,54583
Harrison,Kentucky,36048
Harrison,Mississippi,43124
Harrison,Missouri,37739
Harrison,Ohio,39002
Harrison,Texas,45675
Harrison,West Virginia,43183
Pratt,Kansas,46035
Lorain,Ohio,51816
Clackamas,Oregon,64352
Hillsdale,Michigan,41759
Natrona,Wyoming,57791
Albany,New York,59394
Albany,Wyoming,42774
Knox,Illinois,40667
Knox,Indiana,42119
Knox,Kentucky,24038
Knox,Maine,49755
Knox,Missouri,34481
Knox,Nebraska,42230
Knox,Ohio,49750
Knox,Tennessee,47694
Knox,Texas,34295
Colorado,State,58433
Denton,Texas,74155
Comanche,Kansas,39375
Comanche,Oklahoma,46036
Comanche,Texas,36020
Potter,Pennsylvania,41547
Potter,South Dakota,44556
Potter,Texas,37951
Eagle,Colorado,74456
Walton,Florida,43640
Walton,Georgia,52369
Hocking,Ohio,42089
Keokuk,Iowa,42167
Lenoir,North Carolina,35770
Grenada,Mississippi,34129
Mobile,Alabama,43028
Hancock,Georgia,25000
Hancock,Illinois,43925
Hancock,Indiana,62981
Hancock,Iowa,50105
Hancock,Kentucky,51189
Hancock,Maine,47460
Hancock,Mississippi,44522
Hancock,Ohio,49589
Hancock,Tennessee,23892
Hancock,West Virginia,38522
Cowley,Kansas,41878
Bremer,Iowa,61216
Penobscot,Maine,43734
Box Butte,Nebraska,46373
St. Louis City,Missouri,34582
Richmond City,Virginia,40496
Kit Carson,Colorado,44157
New Hanover,North Carolina,49835
Waukesha,Wisconsin,75850
Navarro,Texas,40795
Yamhill,Oregon,54535
Prince George,Virginia,63074
Yazoo,Mississippi,26336
Charles City County,Virginia,48428
Latah,Idaho,41735
Freestone,Texas,44502
Denver,Colorado,50313
San Francisco,California,75604
Cherokee,Alabama,34907
Cherokee,Georgia,67261
Cherokee,Iowa,48977
Cherokee,Kansas,39746
Cherokee,North Carolina,34432
Cherokee,Oklahoma,37260
Cherokee,South Carolina,34202
Cherokee,Texas,38378
Lycoming,Pennsylvania,45430
Bernalillo,New Mexico,48801
Allendale,South Carolina,25252
Charlton,Georgia,40111
Colonial Heights City,Virginia,50835
Cabarrus,North Carolina,53551
Nevada County,Arkansas,33694
Nevada County,California,57353
Pepin,Wisconsin,47701
Finney,Kansas,47945
Drew,Arkansas,31171
Wheatland,Montana,31867
Niobrara,Wyoming,38438
Kaufman,Texas,61194
Edwards,Illinois,39075
Edwards,Kansas,46551
Edwards,Texas,43839
Tensas,Louisiana,27543
Huron,Michigan,40204
Huron,Ohio,49404
Alameda,California,72112
Venango,Pennsylvania,41977
Kosciusko,Indiana,50859
Henry,Alabama,41650
Henry,Georgia,60781
Henry,Illinois,52940
Henry,Indiana,40679
Henry,Iowa,46376
Henry,Kentucky,46016
Henry,Missouri,39839
Henry,Ohio,49439
Henry,Tennessee,36950
Henry,Virginia,34984
Whiteside,Illinois,47667
Fremont,Colorado,39943
Fremont,Idaho,44520
Fremont,Iowa,50520
Fremont,Wyoming,50418
Okaloosa,Florida,54684
Minnesota,State,59836
Yolo,California,55918
Rockland,New York,84951
Lucas,Iowa,43288
Lucas,Ohio,41556
Barnstable,Massachusetts,60526
Texas,State,51900
Owyhee,Idaho,32175
Iron,Michigan,34685
Iron,Missouri,36387
Iron,Utah,42369
Iron,Wisconsin,39051
Pecos,Texas,47019
Sitka,Alaska,69405
Montgomery,Alabama,44790
Montgomery,Arkansas,31345
Montgomery,Georgia,32702
Montgomery,Illinois,41952
Montgomery,Indiana,46797
Montgomery,Iowa,44281
Montgomery,Kansas,39669
Montgomery,Kentucky,37312
Montgomery,Maryland,98221
Montgomery,Mississippi,30466
Montgomery,Missouri,40236
Montgomery,New York,44156
Montgomery,North Carolina,31830
Montgomery,Ohio,43401
Montgomery,Pennsylvania,79183
Montgomery,Tennessee,49617
Montgomery,Texas,67766
Montgomery,Virginia,45543
Neosho,Kansas,42071
Sherburne,Minnesota,73098
Tom Green,Texas,44545
Marlboro,South Carolina,28297
Scurry,Texas,47513
Arkansas,State,40768
Kentucky,State,43036
Sunflower,Mississippi,26619
Massac,Illinois,43615
Chittenden,Vermont,63989
Cayuga,New York,51581
St. Francois,Missouri,37238
Prince George's,Maryland,73623
New Haven,Connecticut,61996
Foster,North Dakota,50677
Gallatin,Illinois,40330
Gallatin,Kentucky,43793
Gallatin,Montana,52833
Owen,Indiana,43950
Owen,Kentucky,41009
Hopewell City,Virginia,37933
Hamlin,South Dakota,55563
Sanilac,Michigan,40478
Somerset,Maine,38642
Somerset,Maryland,38447
Somerset,New Jersey,99020
Somerset,Pennsylvania,43597
Anson,North Carolina,33870
Catron,New Mexico,39826
Etowah,Alabama,38013
Bingham,Idaho,47941
Wyoming County,New York,51100
Wyoming County,Pennsylvania,48482
Wyoming County,West Virginia,34454
Aitkin,Minnesota,41617
Gove,Kansas,44866
Wabash,Illinois,47365
Wabash,Indiana,45286
Barry,Michigan,52186
Barry,Missouri,38710
Gooding,Idaho,37050
Cooper,Missouri,45992
Suffolk,Massachusetts,53540
Suffolk,New York,87763
Raleigh,West Virginia,40758
Caldwell,Kentucky,37127
Caldwell,Louisiana,39385
Caldwell,Missouri,41169
Caldwell,North Carolina,34357
Caldwell,Texas,44152
Barber,Kansas,45920
Armstrong,Pennsylvania,45241
Armstrong,Texas,61635
Quitman,Georgia,31068
Quitman,Mississippi,22863
Grimes,Texas,43994
Aransas,Texas,42476
Dunn,North Dakota,60500
Dunn,Wisconsin,48893
Pickens,Alabama,28741
Pickens,Georgia,51383
Pickens,South Carolina,41788
McKinley,New Mexico,30458
Maryland,State,73538
Bradley,Arkansas,30409
Bradley,Tennessee,41083
Red River,Louisiana,39346
Red River,Texas,31712
Monona,Iowa,42025
Hill,Montana,43726
Hill,Texas,40769
Crenshaw,Alabama,36275
McLean,Illinois,62089
McLean,Kentucky,38833
McLean,North Dakota,53565
Sangamon,Illinois,55449
Mellette,South Dakota,35109
Dutchess,New York,72525
Cannon,Tennessee,40689
Roseau,Minnesota,50759
Castro,Texas,36402
Muhlenberg,Kentucky,38105
Garrard,Kentucky,44652
Sumter,Alabama,22186
Sumter,Florida,48493
Sumter,Georgia,33796
Sumter,South Carolina,41366
St. Charles,Louisiana,58758
St. Charles,Missouri,71077
Cheatham,Tennessee,52446
Navajo,Arizona,36927
Vilas,Wisconsin,40833
Swisher,Texas,36753
Hansford,Texas,49150
Eaton,Michigan,54115
Mingo,West Virginia,35955
Le Sueur,Minnesota,58922
Escambia,Alabama,30687
Escambia,Florida,43918
Cedar,Iowa,58088
Cedar,Missouri,30302
Cedar,Nebraska,48038
Nome Census Area,Alaska,49974
Archuleta,Colorado,48933
Kerr,Texas,43601
Lee,Alabama,43542
Lee,Arkansas,25034
Lee,Florida,47439
Lee,Georgia,60104
Lee,Illinois,50060
Lee,Iowa,42469
Lee,Kentucky,22920
Lee,Mississippi,42074
Lee,North Carolina,44819
Lee,South Carolina,27373
Lee,Texas,51534
Lee,Virginia,31308
Tennessee,State,44298
Vernon,Louisiana,46572
Vernon,Missouri,38679
Vernon,Wisconsin,45488
Forsyth,Georgia,86569
Forsyth,North Carolina,45724
Austin,Texas,53265
Radford City,Virginia,30714
Deaf Smith,Texas,41444
Daniels,Montana,46100
Mackinac,Michigan,38704
Portage,Ohio,52697
Portage,Wisconsin,50996
Lafayette,Arkansas,29732
Lafayette,Florida,39722
Lafayette,Louisiana,51462
Lafayette,Mississippi,43328
Lafayette,Missouri,50527
Lafayette,Wisconsin,49107
Sonoma,California,63356
Buncombe,North Carolina,44713
Teller,Colorado,59040
Broomfield,Colorado,77998
Howell,Missouri,32533
San Joaquin,California,53380
Shenandoah,Virginia,49625
Caledonia,Vermont,45395
Klickitat,Washington,41694
New London,Connecticut,66583
Benton,Arkansas,54515
Benton,Indiana,48711
Benton,Iowa,56669
Benton,Minnesota,52200
Benton,Mississippi,31060
Benton,Missouri,32951
Benton,Oregon,48604
Benton,Tennessee,33033
Benton,Washington,60485
Outagamie,Wisconsin,58318
El Dorado,California,69297
McDonald,Missouri,37997
Calumet,Wisconsin,65130
Yuma,Arizona,41595
Yuma,Colorado,44308
Indiana County,Pennsylvania,43997
Gaines,Texas,52910
Acadia,Louisiana,37587
Limestone,Alabama,48619
Limestone,Texas,38823
Rutland,Vermont,49271
Terry,Texas,37679
Okmulgee,Oklahoma,39156
Hardeman,Tennessee,30973
Hardeman,Texas,36377
Greenwood,Kansas,38346
Greenwood,South Carolina,36540
Plymouth,Iowa,58888
Plymouth,Massachusetts,75092
Mahaska,Iowa,47967
St. Croix,Wisconsin,68426
Jim Wells,Texas,40585
McNairy,Tennessee,33452
Stanislaus,California,49297
Gasconade,Missouri,41392
Rogers,Oklahoma,58525
Morton,Kansas,46607
Morton,North Dakota,60065
Ritchie,West Virginia,35769
Butte,California,43752
Butte,Idaho,41131
Butte,South Dakota,41332
Winona,Minnesota,47468
Bullitt,Kentucky,54836
Dixon,Nebraska,47325
Newberry,South Carolina,41718
Gratiot,Michigan,40359
Columbia,Arkansas,35128
Columbia,Florida,38070
Columbia,Georgia,69306
Columbia,New York,57336
Columbia,Oregon,54968
Columbia,Pennsylvania,44807
Columbia,Washington,42519
Columbia,Wisconsin,57922
Duval,Florida,48323
Duval,Texas,34131
Summers,West Virginia,33784
Washita,Oklahoma,46686
Crane,Texas,50417
North Slope,Alaska,80761
Woodford,Illinois,66639
Woodford,Kentucky,57580
Wabasha,Minnesota,53057
Hamilton,Florida,37716
Hamilton,Illinois,38417
Hamilton,Indiana,82468
Hamilton,Iowa,43589
Hamilton,Kansas,43357
Hamilton,Nebraska,56065
Hamilton,New York,51522
Hamilton,Ohio,48593
Hamilton,Tennessee,46702
Hamilton,Texas,40655
Augusta,Virginia,52027
Grand Traverse,Michigan,51766
Newaygo,Michigan,42571
Kimble,Texas,43424
Alpine,California,58636
Faulkner,Arkansas,50314
Hudson,New Jersey,58442
Bexar,Texas,50112
Upson,Georgia,35329
Warrick,Indiana,62351
Estill,Kentucky,29184
Stewart,Georgia,23451
Stewart,Tennessee,39781
Lapeer,Michigan,52939
Patrick,Virginia,34864
Iowa,State,51843
Putnam,Florida,32497
Putnam,Georgia,44764
Putnam,Illinois,54196
Putnam,Indiana,50821
Putnam,Missouri,36713
Putnam,New York,95117
Putnam,Ohio,61192
Putnam,Tennessee,33709
Putnam,West Virginia,54854
Schoharie,New York,53245
Garza,Texas,47540
Gibson,Indiana,49329
Gibson,Tennessee,38343
Fannin,Georgia,34239
Fannin,Texas,44355
Muskingum,Ohio,40524
Juab,Utah,55247
McCormick,South Carolina,40028
Benson,North Dakota,36491
Wise,Texas,56005
Wise,Virginia,36218
Addison,Vermont,57565
Bent,Colorado,37340
Stanly,North Carolina,42518
Hale,Alabama,30051
Hale,Texas,41191
Martinsville City,Virginia,28116
Bryan,Georgia,64707
Bryan,Oklahoma,38897
Mississippi County,Arkansas,36428
Mississippi County,Missouri,29787
Ventura,California,76544
Hart,Georgia,35615
Hart,Kentucky,33408
San Saba,Texas,37743
Cheboygan,Michigan,38410
Gage,Nebraska,47654
Coal,Oklahoma,34867
Loup,Nebraska,38125
Culpeper,Virginia,64423
Burnet,Texas,48115
Craig,Oklahoma,39236
Craig,Virginia,47806
Del Norte,California,37909
Jeff Davis,Georgia,36296
Jeff Davis,Texas,49056
Kandiyohi,Minnesota,50149
New Kent,Virginia,70618
Coahoma,Mississippi,26407
Buchanan,Iowa,55553
Buchanan,Missouri,44363
Buchanan,Virginia,29848
Zapata,Texas,31109
Kitsap,Washington,62413
Barron,Wisconsin,44054
Edgecombe,North Carolina,33960
Churchill,Nevada,49830
Hartford,Connecticut,64967
Winston,Alabama,32900
Winston,Mississippi,30821
Macon,Alabama,30724
Macon,Georgia,30240
Macon,Illinois,46559
Macon,Missouri,38443
Macon,North Carolina,37892
Macon,Tennessee,35306
Blair,Pennsylvania,42992
Miller,Arkansas,41319
Miller,Georgia,32260
Miller,Missouri,35507
Big Horn,Montana,39966
Big Horn,Wyoming,52589
Ralls,Missouri,47969
Lafourche,Louisiana,50572
Dickey,North Dakota,47359
LaMoure,North Dakota,53691
Russell,Alabama,36143
Russell,Kansas,37111
Russell,Kentucky,29721
Russell,Virginia,33872
Tallahatchie,Mississippi,29853
